date_id,date,year,quarter,month,month_name,day
19960911,1996-09-11 00:00:00.000000,1996,3,9,September,11
19990819,1999-08-19 00:00:00.000000,1999,3,8,August,19
20000306,2000-03-06 00:00:00.000000,2000,1,3,March,6
20000417,2000-04-17 00:00:00.000000,2000,2,4,April,17
20001230,2000-12-30 00:00:00.000000,2000,4,12,December,30
20011117,2001-11-17 00:00:00.000000,2001,4,11,November,17
20011228,2001-12-28 00:00:00.000000,2001,4,12,December,28
20020625,2002-06-25 00:00:00.000000,2002,2,6,June,25
20020830,2002-08-30 00:00:00.000000,2002,3,8,August,30
20030310,2003-03-10 00:00:00.000000,2003,1,3,March,10
20040303,2004-03-03 00:00:00.000000,2004,1,3,March,3
20040407,2004-04-07 00:00:00.000000,2004,2,4,April,7
20040808,2004-08-08 00:00:00.000000,2004,3,8,August,8
20040816,2004-08-16 00:00:00.000000,2004,3,8,August,16
20041028,2004-10-28 00:00:00.000000,2004,4,10,October,28
20050518,2005-05-18 00:00:00.000000,2005,2,5,May,18
20051229,2005-12-29 00:00:00.000000,2005,4,12,December,29
20060214,2006-02-14 00:00:00.000000,2006,1,2,February,14
20061116,2006-11-16 00:00:00.000000,2006,4,11,November,16
20070330,2007-03-30 00:00:00.000000,2007,1,3,March,30
20070531,2007-05-31 00:00:00.000000,2007,2,5,May,31
20070614,2007-06-14 00:00:00.000000,2007,2,6,June,14
20070625,2007-06-25 00:00:00.000000,2007,2,6,June,25
20080404,2008-04-04 00:00:00.000000,2008,2,4,April,4
20080523,2008-05-23 00:00:00.000000,2008,2,5,May,23
20090811,2009-08-11 00:00:00.000000,2009,3,8,August,11
20090909,2009-09-09 00:00:00.000000,2009,3,9,September,9
20100105,2010-01-05 00:00:00.000000,2010,1,1,January,5
20100709,2010-07-09 00:00:00.000000,2010,3,7,July,9
20100916,2010-09-16 00:00:00.000000,2010,3,9,September,16
20110218,2011-02-18 00:00:00.000000,2011,1,2,February,18
20130101,2013-01-01 00:00:00.000000,2013,1,1,January,1
20131129,2013-11-29 00:00:00.000000,2013,4,11,November,29
20151228,2015-12-28 00:00:00.000000,2015,4,12,December,28
20220101,2022-01-01 00:00:00.000000,2022,1,1,January,1
20220103,2022-01-03 00:00:00.000000,2022,1,1,January,3
20220104,2022-01-04 00:00:00.000000,2022,1,1,January,4
20220105,2022-01-05 00:00:00.000000,2022,1,1,January,5
20220106,2022-01-06 00:00:00.000000,2022,1,1,January,6
20220107,2022-01-07 00:00:00.000000,2022,1,1,January,7
20220108,2022-01-08 00:00:00.000000,2022,1,1,January,8
20220109,2022-01-09 00:00:00.000000,2022,1,1,January,9
20220110,2022-01-10 00:00:00.000000,2022,1,1,January,10
20220111,2022-01-11 00:00:00.000000,2022,1,1,January,11
20220112,2022-01-12 00:00:00.000000,2022,1,1,January,12
20220113,2022-01-13 00:00:00.000000,2022,1,1,January,13
20220114,2022-01-14 00:00:00.000000,2022,1,1,January,14
20220115,2022-01-15 00:00:00.000000,2022,1,1,January,15
20220116,2022-01-16 00:00:00.000000,2022,1,1,January,16
20220117,2022-01-17 00:00:00.000000,2022,1,1,January,17
20220118,2022-01-18 00:00:00.000000,2022,1,1,January,18
20220119,2022-01-19 00:00:00.000000,2022,1,1,January,19
20220120,2022-01-20 00:00:00.000000,2022,1,1,January,20
20220121,2022-01-21 00:00:00.000000,2022,1,1,January,21
20220122,2022-01-22 00:00:00.000000,2022,1,1,January,22
20220123,2022-01-23 00:00:00.000000,2022,1,1,January,23
20220124,2022-01-24 00:00:00.000000,2022,1,1,January,24
20220125,2022-01-25 00:00:00.000000,2022,1,1,January,25
20220126,2022-01-26 00:00:00.000000,2022,1,1,January,26
20220127,2022-01-27 00:00:00.000000,2022,1,1,January,27
20220128,2022-01-28 00:00:00.000000,2022,1,1,January,28
20220129,2022-01-29 00:00:00.000000,2022,1,1,January,29
20220130,2022-01-30 00:00:00.000000,2022,1,1,January,30
20220131,2022-01-31 00:00:00.000000,2022,1,1,January,31
20220201,2022-02-01 00:00:00.000000,2022,1,2,February,1
20220202,2022-02-02 00:00:00.000000,2022,1,2,February,2
20220203,2022-02-03 00:00:00.000000,2022,1,2,February,3
20220204,2022-02-04 00:00:00.000000,2022,1,2,February,4
20220205,2022-02-05 00:00:00.000000,2022,1,2,February,5
20220206,2022-02-06 00:00:00.000000,2022,1,2,February,6
20220207,2022-02-07 00:00:00.000000,2022,1,2,February,7
20220208,2022-02-08 00:00:00.000000,2022,1,2,February,8
20220209,2022-02-09 00:00:00.000000,2022,1,2,February,9
20220210,2022-02-10 00:00:00.000000,2022,1,2,February,10
20220211,2022-02-11 00:00:00.000000,2022,1,2,February,11
20220212,2022-02-12 00:00:00.000000,2022,1,2,February,12
20220213,2022-02-13 00:00:00.000000,2022,1,2,February,13
20220214,2022-02-14 00:00:00.000000,2022,1,2,February,14
20220215,2022-02-15 00:00:00.000000,2022,1,2,February,15
20220216,2022-02-16 00:00:00.000000,2022,1,2,February,16
20220217,2022-02-17 00:00:00.000000,2022,1,2,February,17
20220218,2022-02-18 00:00:00.000000,2022,1,2,February,18
20220219,2022-02-19 00:00:00.000000,2022,1,2,February,19
20220220,2022-02-20 00:00:00.000000,2022,1,2,February,20
20220221,2022-02-21 00:00:00.000000,2022,1,2,February,21
20220222,2022-02-22 00:00:00.000000,2022,1,2,February,22
20220223,2022-02-23 00:00:00.000000,2022,1,2,February,23
20220224,2022-02-24 00:00:00.000000,2022,1,2,February,24
20220225,2022-02-25 00:00:00.000000,2022,1,2,February,25
20220226,2022-02-26 00:00:00.000000,2022,1,2,February,26
20220227,2022-02-27 00:00:00.000000,2022,1,2,February,27
20220228,2022-02-28 00:00:00.000000,2022,1,2,February,28
20220301,2022-03-01 00:00:00.000000,2022,1,3,March,1
20220302,2022-03-02 00:00:00.000000,2022,1,3,March,2
20220303,2022-03-03 00:00:00.000000,2022,1,3,March,3
20220304,2022-03-04 00:00:00.000000,2022,1,3,March,4
20220305,2022-03-05 00:00:00.000000,2022,1,3,March,5
20220306,2022-03-06 00:00:00.000000,2022,1,3,March,6
20220307,2022-03-07 00:00:00.000000,2022,1,3,March,7
20220308,2022-03-08 00:00:00.000000,2022,1,3,March,8
20220309,2022-03-09 00:00:00.000000,2022,1,3,March,9
20220310,2022-03-10 00:00:00.000000,2022,1,3,March,10
20220311,2022-03-11 00:00:00.000000,2022,1,3,March,11
20220312,2022-03-12 00:00:00.000000,2022,1,3,March,12
20220313,2022-03-13 00:00:00.000000,2022,1,3,March,13
20220314,2022-03-14 00:00:00.000000,2022,1,3,March,14
20220315,2022-03-15 00:00:00.000000,2022,1,3,March,15
20220316,2022-03-16 00:00:00.000000,2022,1,3,March,16
20220317,2022-03-17 00:00:00.000000,2022,1,3,March,17
20220318,2022-03-18 00:00:00.000000,2022,1,3,March,18
20220319,2022-03-19 00:00:00.000000,2022,1,3,March,19
20220320,2022-03-20 00:00:00.000000,2022,1,3,March,20
20220321,2022-03-21 00:00:00.000000,2022,1,3,March,21
20220322,2022-03-22 00:00:00.000000,2022,1,3,March,22
20220323,2022-03-23 00:00:00.000000,2022,1,3,March,23
20220324,2022-03-24 00:00:00.000000,2022,1,3,March,24
20220325,2022-03-25 00:00:00.000000,2022,1,3,March,25
20220326,2022-03-26 00:00:00.000000,2022,1,3,March,26
20220327,2022-03-27 00:00:00.000000,2022,1,3,March,27
20220328,2022-03-28 00:00:00.000000,2022,1,3,March,28
20220329,2022-03-29 00:00:00.000000,2022,1,3,March,29
20220330,2022-03-30 00:00:00.000000,2022,1,3,March,30
20220331,2022-03-31 00:00:00.000000,2022,1,3,March,31
20220401,2022-04-01 00:00:00.000000,2022,2,4,April,1
20220402,2022-04-02 00:00:00.000000,2022,2,4,April,2
20220403,2022-04-03 00:00:00.000000,2022,2,4,April,3
20220404,2022-04-04 00:00:00.000000,2022,2,4,April,4
20220405,2022-04-05 00:00:00.000000,2022,2,4,April,5
20220406,2022-04-06 00:00:00.000000,2022,2,4,April,6
20220407,2022-04-07 00:00:00.000000,2022,2,4,April,7
20220408,2022-04-08 00:00:00.000000,2022,2,4,April,8
20220409,2022-04-09 00:00:00.000000,2022,2,4,April,9
20220410,2022-04-10 00:00:00.000000,2022,2,4,April,10
20220411,2022-04-11 00:00:00.000000,2022,2,4,April,11
20220412,2022-04-12 00:00:00.000000,2022,2,4,April,12
20220413,2022-04-13 00:00:00.000000,2022,2,4,April,13
20220414,2022-04-14 00:00:00.000000,2022,2,4,April,14
20220415,2022-04-15 00:00:00.000000,2022,2,4,April,15
20220416,2022-04-16 00:00:00.000000,2022,2,4,April,16
20220417,2022-04-17 00:00:00.000000,2022,2,4,April,17
20220418,2022-04-18 00:00:00.000000,2022,2,4,April,18
20220419,2022-04-19 00:00:00.000000,2022,2,4,April,19
20220420,2022-04-20 00:00:00.000000,2022,2,4,April,20
20220421,2022-04-21 00:00:00.000000,2022,2,4,April,21
20220422,2022-04-22 00:00:00.000000,2022,2,4,April,22
20220423,2022-04-23 00:00:00.000000,2022,2,4,April,23
20220424,2022-04-24 00:00:00.000000,2022,2,4,April,24
20220425,2022-04-25 00:00:00.000000,2022,2,4,April,25
20220426,2022-04-26 00:00:00.000000,2022,2,4,April,26
20220427,2022-04-27 00:00:00.000000,2022,2,4,April,27
20220428,2022-04-28 00:00:00.000000,2022,2,4,April,28
20220429,2022-04-29 00:00:00.000000,2022,2,4,April,29
20220430,2022-04-30 00:00:00.000000,2022,2,4,April,30
20220501,2022-05-01 00:00:00.000000,2022,2,5,May,1
20220502,2022-05-02 00:00:00.000000,2022,2,5,May,2
20220503,2022-05-03 00:00:00.000000,2022,2,5,May,3
20220504,2022-05-04 00:00:00.000000,2022,2,5,May,4
20220505,2022-05-05 00:00:00.000000,2022,2,5,May,5
20220506,2022-05-06 00:00:00.000000,2022,2,5,May,6
20220507,2022-05-07 00:00:00.000000,2022,2,5,May,7
20220508,2022-05-08 00:00:00.000000,2022,2,5,May,8
20220509,2022-05-09 00:00:00.000000,2022,2,5,May,9
20220510,2022-05-10 00:00:00.000000,2022,2,5,May,10
20220511,2022-05-11 00:00:00.000000,2022,2,5,May,11
20220512,2022-05-12 00:00:00.000000,2022,2,5,May,12
20220513,2022-05-13 00:00:00.000000,2022,2,5,May,13
20220514,2022-05-14 00:00:00.000000,2022,2,5,May,14
20220515,2022-05-15 00:00:00.000000,2022,2,5,May,15
20220516,2022-05-16 00:00:00.000000,2022,2,5,May,16
20220517,2022-05-17 00:00:00.000000,2022,2,5,May,17
20220518,2022-05-18 00:00:00.000000,2022,2,5,May,18
20220519,2022-05-19 00:00:00.000000,2022,2,5,May,19
20220520,2022-05-20 00:00:00.000000,2022,2,5,May,20
20220521,2022-05-21 00:00:00.000000,2022,2,5,May,21
20220522,2022-05-22 00:00:00.000000,2022,2,5,May,22
20220523,2022-05-23 00:00:00.000000,2022,2,5,May,23
20220524,2022-05-24 00:00:00.000000,2022,2,5,May,24
20220525,2022-05-25 00:00:00.000000,2022,2,5,May,25
20220526,2022-05-26 00:00:00.000000,2022,2,5,May,26
20220527,2022-05-27 00:00:00.000000,2022,2,5,May,27
20220528,2022-05-28 00:00:00.000000,2022,2,5,May,28
20220529,2022-05-29 00:00:00.000000,2022,2,5,May,29
20220530,2022-05-30 00:00:00.000000,2022,2,5,May,30
20220531,2022-05-31 00:00:00.000000,2022,2,5,May,31
20220601,2022-06-01 00:00:00.000000,2022,2,6,June,1
20220602,2022-06-02 00:00:00.000000,2022,2,6,June,2
20220603,2022-06-03 00:00:00.000000,2022,2,6,June,3
20220604,2022-06-04 00:00:00.000000,2022,2,6,June,4
20220605,2022-06-05 00:00:00.000000,2022,2,6,June,5
20220606,2022-06-06 00:00:00.000000,2022,2,6,June,6
20220607,2022-06-07 00:00:00.000000,2022,2,6,June,7
20220608,2022-06-08 00:00:00.000000,2022,2,6,June,8
20220609,2022-06-09 00:00:00.000000,2022,2,6,June,9
20220610,2022-06-10 00:00:00.000000,2022,2,6,June,10
20220611,2022-06-11 00:00:00.000000,2022,2,6,June,11
20220612,2022-06-12 00:00:00.000000,2022,2,6,June,12
20220613,2022-06-13 00:00:00.000000,2022,2,6,June,13
20220614,2022-06-14 00:00:00.000000,2022,2,6,June,14
20220615,2022-06-15 00:00:00.000000,2022,2,6,June,15
20220616,2022-06-16 00:00:00.000000,2022,2,6,June,16
20220617,2022-06-17 00:00:00.000000,2022,2,6,June,17
20220618,2022-06-18 00:00:00.000000,2022,2,6,June,18
20220619,2022-06-19 00:00:00.000000,2022,2,6,June,19
20220620,2022-06-20 00:00:00.000000,2022,2,6,June,20
20220621,2022-06-21 00:00:00.000000,2022,2,6,June,21
20220622,2022-06-22 00:00:00.000000,2022,2,6,June,22
20220623,2022-06-23 00:00:00.000000,2022,2,6,June,23
20220624,2022-06-24 00:00:00.000000,2022,2,6,June,24
20220625,2022-06-25 00:00:00.000000,2022,2,6,June,25
20220626,2022-06-26 00:00:00.000000,2022,2,6,June,26
20220627,2022-06-27 00:00:00.000000,2022,2,6,June,27
20220628,2022-06-28 00:00:00.000000,2022,2,6,June,28
20220629,2022-06-29 00:00:00.000000,2022,2,6,June,29
20220630,2022-06-30 00:00:00.000000,2022,2,6,June,30
20220701,2022-07-01 00:00:00.000000,2022,3,7,July,1
20220702,2022-07-02 00:00:00.000000,2022,3,7,July,2
20220703,2022-07-03 00:00:00.000000,2022,3,7,July,3
20220704,2022-07-04 00:00:00.000000,2022,3,7,July,4
20220705,2022-07-05 00:00:00.000000,2022,3,7,July,5
20220706,2022-07-06 00:00:00.000000,2022,3,7,July,6
20220707,2022-07-07 00:00:00.000000,2022,3,7,July,7
20220708,2022-07-08 00:00:00.000000,2022,3,7,July,8
20220709,2022-07-09 00:00:00.000000,2022,3,7,July,9
20220710,2022-07-10 00:00:00.000000,2022,3,7,July,10
20220711,2022-07-11 00:00:00.000000,2022,3,7,July,11
20220712,2022-07-12 00:00:00.000000,2022,3,7,July,12
20220713,2022-07-13 00:00:00.000000,2022,3,7,July,13
20220714,2022-07-14 00:00:00.000000,2022,3,7,July,14
20220715,2022-07-15 00:00:00.000000,2022,3,7,July,15
20220716,2022-07-16 00:00:00.000000,2022,3,7,July,16
20220717,2022-07-17 00:00:00.000000,2022,3,7,July,17
20220718,2022-07-18 00:00:00.000000,2022,3,7,July,18
20220719,2022-07-19 00:00:00.000000,2022,3,7,July,19
20220720,2022-07-20 00:00:00.000000,2022,3,7,July,20
20220721,2022-07-21 00:00:00.000000,2022,3,7,July,21
20220722,2022-07-22 00:00:00.000000,2022,3,7,July,22
20220723,2022-07-23 00:00:00.000000,2022,3,7,July,23
20220724,2022-07-24 00:00:00.000000,2022,3,7,July,24
20220725,2022-07-25 00:00:00.000000,2022,3,7,July,25
20220726,2022-07-26 00:00:00.000000,2022,3,7,July,26
20220727,2022-07-27 00:00:00.000000,2022,3,7,July,27
20220728,2022-07-28 00:00:00.000000,2022,3,7,July,28
20220729,2022-07-29 00:00:00.000000,2022,3,7,July,29
20220730,2022-07-30 00:00:00.000000,2022,3,7,July,30
20220731,2022-07-31 00:00:00.000000,2022,3,7,July,31
20220801,2022-08-01 00:00:00.000000,2022,3,8,August,1
20220802,2022-08-02 00:00:00.000000,2022,3,8,August,2
20220803,2022-08-03 00:00:00.000000,2022,3,8,August,3
20220804,2022-08-04 00:00:00.000000,2022,3,8,August,4
20220805,2022-08-05 00:00:00.000000,2022,3,8,August,5
20220806,2022-08-06 00:00:00.000000,2022,3,8,August,6
20220807,2022-08-07 00:00:00.000000,2022,3,8,August,7
20220808,2022-08-08 00:00:00.000000,2022,3,8,August,8
20220809,2022-08-09 00:00:00.000000,2022,3,8,August,9
20220810,2022-08-10 00:00:00.000000,2022,3,8,August,10
20220811,2022-08-11 00:00:00.000000,2022,3,8,August,11
20220812,2022-08-12 00:00:00.000000,2022,3,8,August,12
20220813,2022-08-13 00:00:00.000000,2022,3,8,August,13
20220814,2022-08-14 00:00:00.000000,2022,3,8,August,14
20220815,2022-08-15 00:00:00.000000,2022,3,8,August,15
20220816,2022-08-16 00:00:00.000000,2022,3,8,August,16
20220817,2022-08-17 00:00:00.000000,2022,3,8,August,17
20220818,2022-08-18 00:00:00.000000,2022,3,8,August,18
20220819,2022-08-19 00:00:00.000000,2022,3,8,August,19
20220820,2022-08-20 00:00:00.000000,2022,3,8,August,20
20220821,2022-08-21 00:00:00.000000,2022,3,8,August,21
20220822,2022-08-22 00:00:00.000000,2022,3,8,August,22
20220823,2022-08-23 00:00:00.000000,2022,3,8,August,23
20220824,2022-08-24 00:00:00.000000,2022,3,8,August,24
20220825,2022-08-25 00:00:00.000000,2022,3,8,August,25
20220826,2022-08-26 00:00:00.000000,2022,3,8,August,26
20220827,2022-08-27 00:00:00.000000,2022,3,8,August,27
20220828,2022-08-28 00:00:00.000000,2022,3,8,August,28
20220829,2022-08-29 00:00:00.000000,2022,3,8,August,29
20220830,2022-08-30 00:00:00.000000,2022,3,8,August,30
20220831,2022-08-31 00:00:00.000000,2022,3,8,August,31
20220901,2022-09-01 00:00:00.000000,2022,3,9,September,1
20220902,2022-09-02 00:00:00.000000,2022,3,9,September,2
20220903,2022-09-03 00:00:00.000000,2022,3,9,September,3
20220904,2022-09-04 00:00:00.000000,2022,3,9,September,4
20220905,2022-09-05 00:00:00.000000,2022,3,9,September,5
20220906,2022-09-06 00:00:00.000000,2022,3,9,September,6
20220907,2022-09-07 00:00:00.000000,2022,3,9,September,7
20220908,2022-09-08 00:00:00.000000,2022,3,9,September,8
20220909,2022-09-09 00:00:00.000000,2022,3,9,September,9
20220910,2022-09-10 00:00:00.000000,2022,3,9,September,10
20220911,2022-09-11 00:00:00.000000,2022,3,9,September,11
20220912,2022-09-12 00:00:00.000000,2022,3,9,September,12
20220913,2022-09-13 00:00:00.000000,2022,3,9,September,13
20220914,2022-09-14 00:00:00.000000,2022,3,9,September,14
20220915,2022-09-15 00:00:00.000000,2022,3,9,September,15
20220916,2022-09-16 00:00:00.000000,2022,3,9,September,16
20220917,2022-09-17 00:00:00.000000,2022,3,9,September,17
20220918,2022-09-18 00:00:00.000000,2022,3,9,September,18
20220919,2022-09-19 00:00:00.000000,2022,3,9,September,19
20220920,2022-09-20 00:00:00.000000,2022,3,9,September,20
20220921,2022-09-21 00:00:00.000000,2022,3,9,September,21
20220922,2022-09-22 00:00:00.000000,2022,3,9,September,22
20220923,2022-09-23 00:00:00.000000,2022,3,9,September,23
20220924,2022-09-24 00:00:00.000000,2022,3,9,September,24
20220925,2022-09-25 00:00:00.000000,2022,3,9,September,25
20220926,2022-09-26 00:00:00.000000,2022,3,9,September,26
20220927,2022-09-27 00:00:00.000000,2022,3,9,September,27
20220928,2022-09-28 00:00:00.000000,2022,3,9,September,28
20220929,2022-09-29 00:00:00.000000,2022,3,9,September,29
20220930,2022-09-30 00:00:00.000000,2022,3,9,September,30
20221001,2022-10-01 00:00:00.000000,2022,4,10,October,1
20221002,2022-10-02 00:00:00.000000,2022,4,10,October,2
20221003,2022-10-03 00:00:00.000000,2022,4,10,October,3
20221004,2022-10-04 00:00:00.000000,2022,4,10,October,4
20221005,2022-10-05 00:00:00.000000,2022,4,10,October,5
20221006,2022-10-06 00:00:00.000000,2022,4,10,October,6
20221007,2022-10-07 00:00:00.000000,2022,4,10,October,7
20221008,2022-10-08 00:00:00.000000,2022,4,10,October,8
20221009,2022-10-09 00:00:00.000000,2022,4,10,October,9
20221010,2022-10-10 00:00:00.000000,2022,4,10,October,10
20221011,2022-10-11 00:00:00.000000,2022,4,10,October,11
20221012,2022-10-12 00:00:00.000000,2022,4,10,October,12
20221013,2022-10-13 00:00:00.000000,2022,4,10,October,13
20221014,2022-10-14 00:00:00.000000,2022,4,10,October,14
20221015,2022-10-15 00:00:00.000000,2022,4,10,October,15
20221016,2022-10-16 00:00:00.000000,2022,4,10,October,16
20221017,2022-10-17 00:00:00.000000,2022,4,10,October,17
20221018,2022-10-18 00:00:00.000000,2022,4,10,October,18
20221019,2022-10-19 00:00:00.000000,2022,4,10,October,19
20221020,2022-10-20 00:00:00.000000,2022,4,10,October,20
20221021,2022-10-21 00:00:00.000000,2022,4,10,October,21
20221022,2022-10-22 00:00:00.000000,2022,4,10,October,22
20221023,2022-10-23 00:00:00.000000,2022,4,10,October,23
20221024,2022-10-24 00:00:00.000000,2022,4,10,October,24
20221025,2022-10-25 00:00:00.000000,2022,4,10,October,25
20221026,2022-10-26 00:00:00.000000,2022,4,10,October,26
20221027,2022-10-27 00:00:00.000000,2022,4,10,October,27
20221028,2022-10-28 00:00:00.000000,2022,4,10,October,28
20221029,2022-10-29 00:00:00.000000,2022,4,10,October,29
20221030,2022-10-30 00:00:00.000000,2022,4,10,October,30
20221031,2022-10-31 00:00:00.000000,2022,4,10,October,31
20221101,2022-11-01 00:00:00.000000,2022,4,11,November,1
20221102,2022-11-02 00:00:00.000000,2022,4,11,November,2
20221103,2022-11-03 00:00:00.000000,2022,4,11,November,3
20221104,2022-11-04 00:00:00.000000,2022,4,11,November,4
20221105,2022-11-05 00:00:00.000000,2022,4,11,November,5
20221106,2022-11-06 00:00:00.000000,2022,4,11,November,6
20221107,2022-11-07 00:00:00.000000,2022,4,11,November,7
20221108,2022-11-08 00:00:00.000000,2022,4,11,November,8
20221109,2022-11-09 00:00:00.000000,2022,4,11,November,9
20221110,2022-11-10 00:00:00.000000,2022,4,11,November,10
20221111,2022-11-11 00:00:00.000000,2022,4,11,November,11
20221112,2022-11-12 00:00:00.000000,2022,4,11,November,12
20221113,2022-11-13 00:00:00.000000,2022,4,11,November,13
20221114,2022-11-14 00:00:00.000000,2022,4,11,November,14
20221115,2022-11-15 00:00:00.000000,2022,4,11,November,15
20221116,2022-11-16 00:00:00.000000,2022,4,11,November,16
20221117,2022-11-17 00:00:00.000000,2022,4,11,November,17
20221118,2022-11-18 00:00:00.000000,2022,4,11,November,18
20221119,2022-11-19 00:00:00.000000,2022,4,11,November,19
20221120,2022-11-20 00:00:00.000000,2022,4,11,November,20
20221121,2022-11-21 00:00:00.000000,2022,4,11,November,21
20221122,2022-11-22 00:00:00.000000,2022,4,11,November,22
20221123,2022-11-23 00:00:00.000000,2022,4,11,November,23
20221124,2022-11-24 00:00:00.000000,2022,4,11,November,24
20221125,2022-11-25 00:00:00.000000,2022,4,11,November,25
20221126,2022-11-26 00:00:00.000000,2022,4,11,November,26
20221127,2022-11-27 00:00:00.000000,2022,4,11,November,27
20221128,2022-11-28 00:00:00.000000,2022,4,11,November,28
20221129,2022-11-29 00:00:00.000000,2022,4,11,November,29
20221130,2022-11-30 00:00:00.000000,2022,4,11,November,30
20221201,2022-12-01 00:00:00.000000,2022,4,12,December,1
20221202,2022-12-02 00:00:00.000000,2022,4,12,December,2
20221203,2022-12-03 00:00:00.000000,2022,4,12,December,3
20221204,2022-12-04 00:00:00.000000,2022,4,12,December,4
20221205,2022-12-05 00:00:00.000000,2022,4,12,December,5
20221206,2022-12-06 00:00:00.000000,2022,4,12,December,6
20221207,2022-12-07 00:00:00.000000,2022,4,12,December,7
20221208,2022-12-08 00:00:00.000000,2022,4,12,December,8
20221209,2022-12-09 00:00:00.000000,2022,4,12,December,9
20221210,2022-12-10 00:00:00.000000,2022,4,12,December,10
20221211,2022-12-11 00:00:00.000000,2022,4,12,December,11
20221212,2022-12-12 00:00:00.000000,2022,4,12,December,12
20221213,2022-12-13 00:00:00.000000,2022,4,12,December,13
20221214,2022-12-14 00:00:00.000000,2022,4,12,December,14
20221215,2022-12-15 00:00:00.000000,2022,4,12,December,15
20221216,2022-12-16 00:00:00.000000,2022,4,12,December,16
20221217,2022-12-17 00:00:00.000000,2022,4,12,December,17
20221218,2022-12-18 00:00:00.000000,2022,4,12,December,18
20221219,2022-12-19 00:00:00.000000,2022,4,12,December,19
20221220,2022-12-20 00:00:00.000000,2022,4,12,December,20
20221221,2022-12-21 00:00:00.000000,2022,4,12,December,21
20221222,2022-12-22 00:00:00.000000,2022,4,12,December,22
20221223,2022-12-23 00:00:00.000000,2022,4,12,December,23
20221224,2022-12-24 00:00:00.000000,2022,4,12,December,24
20221225,2022-12-25 00:00:00.000000,2022,4,12,December,25
20221226,2022-12-26 00:00:00.000000,2022,4,12,December,26
20221227,2022-12-27 00:00:00.000000,2022,4,12,December,27
20221228,2022-12-28 00:00:00.000000,2022,4,12,December,28
20221229,2022-12-29 00:00:00.000000,2022,4,12,December,29
20221230,2022-12-30 00:00:00.000000,2022,4,12,December,30
20221231,2022-12-31 00:00:00.000000,2022,4,12,December,31
20230101,2023-01-01 00:00:00.000000,2023,1,1,January,1
20230102,2023-01-02 00:00:00.000000,2023,1,1,January,2
20230103,2023-01-03 00:00:00.000000,2023,1,1,January,3
20230104,2023-01-04 00:00:00.000000,2023,1,1,January,4
20230105,2023-01-05 00:00:00.000000,2023,1,1,January,5
20230106,2023-01-06 00:00:00.000000,2023,1,1,January,6
20230107,2023-01-07 00:00:00.000000,2023,1,1,January,7
20230108,2023-01-08 00:00:00.000000,2023,1,1,January,8
20230109,2023-01-09 00:00:00.000000,2023,1,1,January,9
20230110,2023-01-10 00:00:00.000000,2023,1,1,January,10
20230111,2023-01-11 00:00:00.000000,2023,1,1,January,11
20230112,2023-01-12 00:00:00.000000,2023,1,1,January,12
20230113,2023-01-13 00:00:00.000000,2023,1,1,January,13
20230114,2023-01-14 00:00:00.000000,2023,1,1,January,14
20230115,2023-01-15 00:00:00.000000,2023,1,1,January,15
20230116,2023-01-16 00:00:00.000000,2023,1,1,January,16
20230117,2023-01-17 00:00:00.000000,2023,1,1,January,17
20230118,2023-01-18 00:00:00.000000,2023,1,1,January,18
20230119,2023-01-19 00:00:00.000000,2023,1,1,January,19
20230120,2023-01-20 00:00:00.000000,2023,1,1,January,20
20230121,2023-01-21 00:00:00.000000,2023,1,1,January,21
20230122,2023-01-22 00:00:00.000000,2023,1,1,January,22
20230123,2023-01-23 00:00:00.000000,2023,1,1,January,23
20230124,2023-01-24 00:00:00.000000,2023,1,1,January,24
20230125,2023-01-25 00:00:00.000000,2023,1,1,January,25
20230126,2023-01-26 00:00:00.000000,2023,1,1,January,26
20230127,2023-01-27 00:00:00.000000,2023,1,1,January,27
20230128,2023-01-28 00:00:00.000000,2023,1,1,January,28
20230129,2023-01-29 00:00:00.000000,2023,1,1,January,29
20230130,2023-01-30 00:00:00.000000,2023,1,1,January,30
20230131,2023-01-31 00:00:00.000000,2023,1,1,January,31
20230201,2023-02-01 00:00:00.000000,2023,1,2,February,1
20230202,2023-02-02 00:00:00.000000,2023,1,2,February,2
20230203,2023-02-03 00:00:00.000000,2023,1,2,February,3
20230204,2023-02-04 00:00:00.000000,2023,1,2,February,4
20230205,2023-02-05 00:00:00.000000,2023,1,2,February,5
20230206,2023-02-06 00:00:00.000000,2023,1,2,February,6
20230207,2023-02-07 00:00:00.000000,2023,1,2,February,7
20230208,2023-02-08 00:00:00.000000,2023,1,2,February,8
20230209,2023-02-09 00:00:00.000000,2023,1,2,February,9
20230210,2023-02-10 00:00:00.000000,2023,1,2,February,10
20230211,2023-02-11 00:00:00.000000,2023,1,2,February,11
20230212,2023-02-12 00:00:00.000000,2023,1,2,February,12
20230213,2023-02-13 00:00:00.000000,2023,1,2,February,13
20230214,2023-02-14 00:00:00.000000,2023,1,2,February,14
20230215,2023-02-15 00:00:00.000000,2023,1,2,February,15
20230216,2023-02-16 00:00:00.000000,2023,1,2,February,16
20230217,2023-02-17 00:00:00.000000,2023,1,2,February,17
20230218,2023-02-18 00:00:00.000000,2023,1,2,February,18
20230219,2023-02-19 00:00:00.000000,2023,1,2,February,19
20230220,2023-02-20 00:00:00.000000,2023,1,2,February,20
20230221,2023-02-21 00:00:00.000000,2023,1,2,February,21
20230222,2023-02-22 00:00:00.000000,2023,1,2,February,22
20230223,2023-02-23 00:00:00.000000,2023,1,2,February,23
20230224,2023-02-24 00:00:00.000000,2023,1,2,February,24
20230225,2023-02-25 00:00:00.000000,2023,1,2,February,25
20230226,2023-02-26 00:00:00.000000,2023,1,2,February,26
20230227,2023-02-27 00:00:00.000000,2023,1,2,February,27
20230228,2023-02-28 00:00:00.000000,2023,1,2,February,28
20230301,2023-03-01 00:00:00.000000,2023,1,3,March,1
20230302,2023-03-02 00:00:00.000000,2023,1,3,March,2
20230303,2023-03-03 00:00:00.000000,2023,1,3,March,3
20230304,2023-03-04 00:00:00.000000,2023,1,3,March,4
20230305,2023-03-05 00:00:00.000000,2023,1,3,March,5
20230306,2023-03-06 00:00:00.000000,2023,1,3,March,6
20230307,2023-03-07 00:00:00.000000,2023,1,3,March,7
20230308,2023-03-08 00:00:00.000000,2023,1,3,March,8
20230309,2023-03-09 00:00:00.000000,2023,1,3,March,9
20230310,2023-03-10 00:00:00.000000,2023,1,3,March,10
20230311,2023-03-11 00:00:00.000000,2023,1,3,March,11
20230312,2023-03-12 00:00:00.000000,2023,1,3,March,12
20230313,2023-03-13 00:00:00.000000,2023,1,3,March,13
20230314,2023-03-14 00:00:00.000000,2023,1,3,March,14
20230315,2023-03-15 00:00:00.000000,2023,1,3,March,15
20230316,2023-03-16 00:00:00.000000,2023,1,3,March,16
20230317,2023-03-17 00:00:00.000000,2023,1,3,March,17
20230318,2023-03-18 00:00:00.000000,2023,1,3,March,18
20230319,2023-03-19 00:00:00.000000,2023,1,3,March,19
20230320,2023-03-20 00:00:00.000000,2023,1,3,March,20
20230321,2023-03-21 00:00:00.000000,2023,1,3,March,21
20230322,2023-03-22 00:00:00.000000,2023,1,3,March,22
20230323,2023-03-23 00:00:00.000000,2023,1,3,March,23
20230324,2023-03-24 00:00:00.000000,2023,1,3,March,24
20230325,2023-03-25 00:00:00.000000,2023,1,3,March,25
20230326,2023-03-26 00:00:00.000000,2023,1,3,March,26
20230327,2023-03-27 00:00:00.000000,2023,1,3,March,27
20230328,2023-03-28 00:00:00.000000,2023,1,3,March,28
20230329,2023-03-29 00:00:00.000000,2023,1,3,March,29
20230330,2023-03-30 00:00:00.000000,2023,1,3,March,30
20230331,2023-03-31 00:00:00.000000,2023,1,3,March,31
20230401,2023-04-01 00:00:00.000000,2023,2,4,April,1
20230402,2023-04-02 00:00:00.000000,2023,2,4,April,2
20230403,2023-04-03 00:00:00.000000,2023,2,4,April,3
20230404,2023-04-04 00:00:00.000000,2023,2,4,April,4
20230405,2023-04-05 00:00:00.000000,2023,2,4,April,5
20230406,2023-04-06 00:00:00.000000,2023,2,4,April,6
20230407,2023-04-07 00:00:00.000000,2023,2,4,April,7
20230408,2023-04-08 00:00:00.000000,2023,2,4,April,8
20230409,2023-04-09 00:00:00.000000,2023,2,4,April,9
20230410,2023-04-10 00:00:00.000000,2023,2,4,April,10
20230411,2023-04-11 00:00:00.000000,2023,2,4,April,11
20230412,2023-04-12 00:00:00.000000,2023,2,4,April,12
20230413,2023-04-13 00:00:00.000000,2023,2,4,April,13
20230414,2023-04-14 00:00:00.000000,2023,2,4,April,14
20230415,2023-04-15 00:00:00.000000,2023,2,4,April,15
20230416,2023-04-16 00:00:00.000000,2023,2,4,April,16
20230417,2023-04-17 00:00:00.000000,2023,2,4,April,17
20230418,2023-04-18 00:00:00.000000,2023,2,4,April,18
20230419,2023-04-19 00:00:00.000000,2023,2,4,April,19
20230420,2023-04-20 00:00:00.000000,2023,2,4,April,20
20230421,2023-04-21 00:00:00.000000,2023,2,4,April,21
20230422,2023-04-22 00:00:00.000000,2023,2,4,April,22
20230423,2023-04-23 00:00:00.000000,2023,2,4,April,23
20230424,2023-04-24 00:00:00.000000,2023,2,4,April,24
20230425,2023-04-25 00:00:00.000000,2023,2,4,April,25
20230426,2023-04-26 00:00:00.000000,2023,2,4,April,26
20230427,2023-04-27 00:00:00.000000,2023,2,4,April,27
20230428,2023-04-28 00:00:00.000000,2023,2,4,April,28
20230429,2023-04-29 00:00:00.000000,2023,2,4,April,29
20230430,2023-04-30 00:00:00.000000,2023,2,4,April,30
20230501,2023-05-01 00:00:00.000000,2023,2,5,May,1
20230502,2023-05-02 00:00:00.000000,2023,2,5,May,2
20230503,2023-05-03 00:00:00.000000,2023,2,5,May,3
20230504,2023-05-04 00:00:00.000000,2023,2,5,May,4
20230505,2023-05-05 00:00:00.000000,2023,2,5,May,5
20230506,2023-05-06 00:00:00.000000,2023,2,5,May,6
20230507,2023-05-07 00:00:00.000000,2023,2,5,May,7
20230508,2023-05-08 00:00:00.000000,2023,2,5,May,8
20230509,2023-05-09 00:00:00.000000,2023,2,5,May,9
20230510,2023-05-10 00:00:00.000000,2023,2,5,May,10
20230511,2023-05-11 00:00:00.000000,2023,2,5,May,11
20230512,2023-05-12 00:00:00.000000,2023,2,5,May,12
20230513,2023-05-13 00:00:00.000000,2023,2,5,May,13
20230514,2023-05-14 00:00:00.000000,2023,2,5,May,14
20230515,2023-05-15 00:00:00.000000,2023,2,5,May,15
20230516,2023-05-16 00:00:00.000000,2023,2,5,May,16
20230517,2023-05-17 00:00:00.000000,2023,2,5,May,17
20230518,2023-05-18 00:00:00.000000,2023,2,5,May,18
20230519,2023-05-19 00:00:00.000000,2023,2,5,May,19
20230520,2023-05-20 00:00:00.000000,2023,2,5,May,20
20230521,2023-05-21 00:00:00.000000,2023,2,5,May,21
20230522,2023-05-22 00:00:00.000000,2023,2,5,May,22
20230523,2023-05-23 00:00:00.000000,2023,2,5,May,23
20230524,2023-05-24 00:00:00.000000,2023,2,5,May,24
20230525,2023-05-25 00:00:00.000000,2023,2,5,May,25
20230526,2023-05-26 00:00:00.000000,2023,2,5,May,26
20230527,2023-05-27 00:00:00.000000,2023,2,5,May,27
20230528,2023-05-28 00:00:00.000000,2023,2,5,May,28
20230529,2023-05-29 00:00:00.000000,2023,2,5,May,29
20230530,2023-05-30 00:00:00.000000,2023,2,5,May,30
20230531,2023-05-31 00:00:00.000000,2023,2,5,May,31
20230601,2023-06-01 00:00:00.000000,2023,2,6,June,1
20230602,2023-06-02 00:00:00.000000,2023,2,6,June,2
20230603,2023-06-03 00:00:00.000000,2023,2,6,June,3
20230604,2023-06-04 00:00:00.000000,2023,2,6,June,4
20230605,2023-06-05 00:00:00.000000,2023,2,6,June,5
20230606,2023-06-06 00:00:00.000000,2023,2,6,June,6
20230607,2023-06-07 00:00:00.000000,2023,2,6,June,7
20230608,2023-06-08 00:00:00.000000,2023,2,6,June,8
20230609,2023-06-09 00:00:00.000000,2023,2,6,June,9
20230610,2023-06-10 00:00:00.000000,2023,2,6,June,10
20230611,2023-06-11 00:00:00.000000,2023,2,6,June,11
20230612,2023-06-12 00:00:00.000000,2023,2,6,June,12
20230613,2023-06-13 00:00:00.000000,2023,2,6,June,13
20230614,2023-06-14 00:00:00.000000,2023,2,6,June,14
20230615,2023-06-15 00:00:00.000000,2023,2,6,June,15
20230616,2023-06-16 00:00:00.000000,2023,2,6,June,16
20230617,2023-06-17 00:00:00.000000,2023,2,6,June,17
20230618,2023-06-18 00:00:00.000000,2023,2,6,June,18
20230619,2023-06-19 00:00:00.000000,2023,2,6,June,19
20230620,2023-06-20 00:00:00.000000,2023,2,6,June,20
20230621,2023-06-21 00:00:00.000000,2023,2,6,June,21
20230622,2023-06-22 00:00:00.000000,2023,2,6,June,22
20230623,2023-06-23 00:00:00.000000,2023,2,6,June,23
20230624,2023-06-24 00:00:00.000000,2023,2,6,June,24
20230625,2023-06-25 00:00:00.000000,2023,2,6,June,25
20230626,2023-06-26 00:00:00.000000,2023,2,6,June,26
20230627,2023-06-27 00:00:00.000000,2023,2,6,June,27
20230628,2023-06-28 00:00:00.000000,2023,2,6,June,28
20230629,2023-06-29 00:00:00.000000,2023,2,6,June,29
20230630,2023-06-30 00:00:00.000000,2023,2,6,June,30
20230701,2023-07-01 00:00:00.000000,2023,3,7,July,1
20230702,2023-07-02 00:00:00.000000,2023,3,7,July,2
20230703,2023-07-03 00:00:00.000000,2023,3,7,July,3
20230704,2023-07-04 00:00:00.000000,2023,3,7,July,4
20230705,2023-07-05 00:00:00.000000,2023,3,7,July,5
20230706,2023-07-06 00:00:00.000000,2023,3,7,July,6
20230707,2023-07-07 00:00:00.000000,2023,3,7,July,7
20230708,2023-07-08 00:00:00.000000,2023,3,7,July,8
20230709,2023-07-09 00:00:00.000000,2023,3,7,July,9
20230710,2023-07-10 00:00:00.000000,2023,3,7,July,10
20230711,2023-07-11 00:00:00.000000,2023,3,7,July,11
20230712,2023-07-12 00:00:00.000000,2023,3,7,July,12
20230713,2023-07-13 00:00:00.000000,2023,3,7,July,13
20230714,2023-07-14 00:00:00.000000,2023,3,7,July,14
20230715,2023-07-15 00:00:00.000000,2023,3,7,July,15
20230716,2023-07-16 00:00:00.000000,2023,3,7,July,16
20230717,2023-07-17 00:00:00.000000,2023,3,7,July,17
20230718,2023-07-18 00:00:00.000000,2023,3,7,July,18
20230719,2023-07-19 00:00:00.000000,2023,3,7,July,19
20230720,2023-07-20 00:00:00.000000,2023,3,7,July,20
20230721,2023-07-21 00:00:00.000000,2023,3,7,July,21
20230722,2023-07-22 00:00:00.000000,2023,3,7,July,22
20230723,2023-07-23 00:00:00.000000,2023,3,7,July,23
20230724,2023-07-24 00:00:00.000000,2023,3,7,July,24
20230725,2023-07-25 00:00:00.000000,2023,3,7,July,25
20230726,2023-07-26 00:00:00.000000,2023,3,7,July,26
20230727,2023-07-27 00:00:00.000000,2023,3,7,July,27
20230728,2023-07-28 00:00:00.000000,2023,3,7,July,28
20230729,2023-07-29 00:00:00.000000,2023,3,7,July,29
20230730,2023-07-30 00:00:00.000000,2023,3,7,July,30
20230731,2023-07-31 00:00:00.000000,2023,3,7,July,31
20230801,2023-08-01 00:00:00.000000,2023,3,8,August,1
20230802,2023-08-02 00:00:00.000000,2023,3,8,August,2
20230803,2023-08-03 00:00:00.000000,2023,3,8,August,3
20230804,2023-08-04 00:00:00.000000,2023,3,8,August,4
20230805,2023-08-05 00:00:00.000000,2023,3,8,August,5
20230806,2023-08-06 00:00:00.000000,2023,3,8,August,6
20230807,2023-08-07 00:00:00.000000,2023,3,8,August,7
20230808,2023-08-08 00:00:00.000000,2023,3,8,August,8
20230809,2023-08-09 00:00:00.000000,2023,3,8,August,9
20230810,2023-08-10 00:00:00.000000,2023,3,8,August,10
20230811,2023-08-11 00:00:00.000000,2023,3,8,August,11
20230812,2023-08-12 00:00:00.000000,2023,3,8,August,12
20230813,2023-08-13 00:00:00.000000,2023,3,8,August,13
20230814,2023-08-14 00:00:00.000000,2023,3,8,August,14
20230815,2023-08-15 00:00:00.000000,2023,3,8,August,15
20230816,2023-08-16 00:00:00.000000,2023,3,8,August,16
20230817,2023-08-17 00:00:00.000000,2023,3,8,August,17
20230818,2023-08-18 00:00:00.000000,2023,3,8,August,18
20230819,2023-08-19 00:00:00.000000,2023,3,8,August,19
20230820,2023-08-20 00:00:00.000000,2023,3,8,August,20
20230821,2023-08-21 00:00:00.000000,2023,3,8,August,21
20230822,2023-08-22 00:00:00.000000,2023,3,8,August,22
20230823,2023-08-23 00:00:00.000000,2023,3,8,August,23
20230824,2023-08-24 00:00:00.000000,2023,3,8,August,24
20230825,2023-08-25 00:00:00.000000,2023,3,8,August,25
20230826,2023-08-26 00:00:00.000000,2023,3,8,August,26
20230827,2023-08-27 00:00:00.000000,2023,3,8,August,27
20230828,2023-08-28 00:00:00.000000,2023,3,8,August,28
20230829,2023-08-29 00:00:00.000000,2023,3,8,August,29
20230830,2023-08-30 00:00:00.000000,2023,3,8,August,30
20230831,2023-08-31 00:00:00.000000,2023,3,8,August,31
20230901,2023-09-01 00:00:00.000000,2023,3,9,September,1
20230902,2023-09-02 00:00:00.000000,2023,3,9,September,2
20230903,2023-09-03 00:00:00.000000,2023,3,9,September,3
20230904,2023-09-04 00:00:00.000000,2023,3,9,September,4
20230905,2023-09-05 00:00:00.000000,2023,3,9,September,5
20230906,2023-09-06 00:00:00.000000,2023,3,9,September,6
20230907,2023-09-07 00:00:00.000000,2023,3,9,September,7
20230908,2023-09-08 00:00:00.000000,2023,3,9,September,8
20230909,2023-09-09 00:00:00.000000,2023,3,9,September,9
20230910,2023-09-10 00:00:00.000000,2023,3,9,September,10
20230911,2023-09-11 00:00:00.000000,2023,3,9,September,11
20230912,2023-09-12 00:00:00.000000,2023,3,9,September,12
20230913,2023-09-13 00:00:00.000000,2023,3,9,September,13
20230914,2023-09-14 00:00:00.000000,2023,3,9,September,14
20230915,2023-09-15 00:00:00.000000,2023,3,9,September,15
20230916,2023-09-16 00:00:00.000000,2023,3,9,September,16
20230917,2023-09-17 00:00:00.000000,2023,3,9,September,17
20230918,2023-09-18 00:00:00.000000,2023,3,9,September,18
20230919,2023-09-19 00:00:00.000000,2023,3,9,September,19
20230920,2023-09-20 00:00:00.000000,2023,3,9,September,20
20230921,2023-09-21 00:00:00.000000,2023,3,9,September,21
20230922,2023-09-22 00:00:00.000000,2023,3,9,September,22
20230923,2023-09-23 00:00:00.000000,2023,3,9,September,23
20230924,2023-09-24 00:00:00.000000,2023,3,9,September,24
20230925,2023-09-25 00:00:00.000000,2023,3,9,September,25
20230926,2023-09-26 00:00:00.000000,2023,3,9,September,26
20230927,2023-09-27 00:00:00.000000,2023,3,9,September,27
20230928,2023-09-28 00:00:00.000000,2023,3,9,September,28
20230929,2023-09-29 00:00:00.000000,2023,3,9,September,29
20230930,2023-09-30 00:00:00.000000,2023,3,9,September,30
20231001,2023-10-01 00:00:00.000000,2023,4,10,October,1
20231002,2023-10-02 00:00:00.000000,2023,4,10,October,2
20231003,2023-10-03 00:00:00.000000,2023,4,10,October,3
20231004,2023-10-04 00:00:00.000000,2023,4,10,October,4
20231005,2023-10-05 00:00:00.000000,2023,4,10,October,5
20231006,2023-10-06 00:00:00.000000,2023,4,10,October,6
20231007,2023-10-07 00:00:00.000000,2023,4,10,October,7
20231008,2023-10-08 00:00:00.000000,2023,4,10,October,8
20231009,2023-10-09 00:00:00.000000,2023,4,10,October,9
20231010,2023-10-10 00:00:00.000000,2023,4,10,October,10
20231011,2023-10-11 00:00:00.000000,2023,4,10,October,11
20231012,2023-10-12 00:00:00.000000,2023,4,10,October,12
20231013,2023-10-13 00:00:00.000000,2023,4,10,October,13
20231014,2023-10-14 00:00:00.000000,2023,4,10,October,14
20231015,2023-10-15 00:00:00.000000,2023,4,10,October,15
20231016,2023-10-16 00:00:00.000000,2023,4,10,October,16
20231017,2023-10-17 00:00:00.000000,2023,4,10,October,17
20231018,2023-10-18 00:00:00.000000,2023,4,10,October,18
20231019,2023-10-19 00:00:00.000000,2023,4,10,October,19
20231020,2023-10-20 00:00:00.000000,2023,4,10,October,20
20231021,2023-10-21 00:00:00.000000,2023,4,10,October,21
20231022,2023-10-22 00:00:00.000000,2023,4,10,October,22
20231023,2023-10-23 00:00:00.000000,2023,4,10,October,23
20231024,2023-10-24 00:00:00.000000,2023,4,10,October,24
20231025,2023-10-25 00:00:00.000000,2023,4,10,October,25
20231026,2023-10-26 00:00:00.000000,2023,4,10,October,26
20231027,2023-10-27 00:00:00.000000,2023,4,10,October,27
20231028,2023-10-28 00:00:00.000000,2023,4,10,October,28
20231029,2023-10-29 00:00:00.000000,2023,4,10,October,29
20231030,2023-10-30 00:00:00.000000,2023,4,10,October,30
20231031,2023-10-31 00:00:00.000000,2023,4,10,October,31
20231101,2023-11-01 00:00:00.000000,2023,4,11,November,1
20231102,2023-11-02 00:00:00.000000,2023,4,11,November,2
20231103,2023-11-03 00:00:00.000000,2023,4,11,November,3
20231104,2023-11-04 00:00:00.000000,2023,4,11,November,4
20231105,2023-11-05 00:00:00.000000,2023,4,11,November,5
20231106,2023-11-06 00:00:00.000000,2023,4,11,November,6
20231107,2023-11-07 00:00:00.000000,2023,4,11,November,7
20231108,2023-11-08 00:00:00.000000,2023,4,11,November,8
20231109,2023-11-09 00:00:00.000000,2023,4,11,November,9
20231110,2023-11-10 00:00:00.000000,2023,4,11,November,10
20231111,2023-11-11 00:00:00.000000,2023,4,11,November,11
20231112,2023-11-12 00:00:00.000000,2023,4,11,November,12
20231113,2023-11-13 00:00:00.000000,2023,4,11,November,13
20231114,2023-11-14 00:00:00.000000,2023,4,11,November,14
20231115,2023-11-15 00:00:00.000000,2023,4,11,November,15
20231116,2023-11-16 00:00:00.000000,2023,4,11,November,16
20231117,2023-11-17 00:00:00.000000,2023,4,11,November,17
20231118,2023-11-18 00:00:00.000000,2023,4,11,November,18
20231119,2023-11-19 00:00:00.000000,2023,4,11,November,19
20231120,2023-11-20 00:00:00.000000,2023,4,11,November,20
20231121,2023-11-21 00:00:00.000000,2023,4,11,November,21
20231122,2023-11-22 00:00:00.000000,2023,4,11,November,22
20231123,2023-11-23 00:00:00.000000,2023,4,11,November,23
20231124,2023-11-24 00:00:00.000000,2023,4,11,November,24
20231125,2023-11-25 00:00:00.000000,2023,4,11,November,25
20231126,2023-11-26 00:00:00.000000,2023,4,11,November,26
20231127,2023-11-27 00:00:00.000000,2023,4,11,November,27
20231128,2023-11-28 00:00:00.000000,2023,4,11,November,28
20231129,2023-11-29 00:00:00.000000,2023,4,11,November,29
20231130,2023-11-30 00:00:00.000000,2023,4,11,November,30
20231201,2023-12-01 00:00:00.000000,2023,4,12,December,1
20231202,2023-12-02 00:00:00.000000,2023,4,12,December,2
20231203,2023-12-03 00:00:00.000000,2023,4,12,December,3
20231204,2023-12-04 00:00:00.000000,2023,4,12,December,4
20231205,2023-12-05 00:00:00.000000,2023,4,12,December,5
20231206,2023-12-06 00:00:00.000000,2023,4,12,December,6
20231207,2023-12-07 00:00:00.000000,2023,4,12,December,7
20231208,2023-12-08 00:00:00.000000,2023,4,12,December,8
20231209,2023-12-09 00:00:00.000000,2023,4,12,December,9
20231210,2023-12-10 00:00:00.000000,2023,4,12,December,10
20231211,2023-12-11 00:00:00.000000,2023,4,12,December,11
20231212,2023-12-12 00:00:00.000000,2023,4,12,December,12
20231213,2023-12-13 00:00:00.000000,2023,4,12,December,13
20231214,2023-12-14 00:00:00.000000,2023,4,12,December,14
20231215,2023-12-15 00:00:00.000000,2023,4,12,December,15
20231216,2023-12-16 00:00:00.000000,2023,4,12,December,16
20231217,2023-12-17 00:00:00.000000,2023,4,12,December,17
20231218,2023-12-18 00:00:00.000000,2023,4,12,December,18
20231219,2023-12-19 00:00:00.000000,2023,4,12,December,19
20231220,2023-12-20 00:00:00.000000,2023,4,12,December,20
20231221,2023-12-21 00:00:00.000000,2023,4,12,December,21
20231222,2023-12-22 00:00:00.000000,2023,4,12,December,22
20231223,2023-12-23 00:00:00.000000,2023,4,12,December,23
20231224,2023-12-24 00:00:00.000000,2023,4,12,December,24
20231225,2023-12-25 00:00:00.000000,2023,4,12,December,25
20231226,2023-12-26 00:00:00.000000,2023,4,12,December,26
20231227,2023-12-27 00:00:00.000000,2023,4,12,December,27
20231228,2023-12-28 00:00:00.000000,2023,4,12,December,28
20231229,2023-12-29 00:00:00.000000,2023,4,12,December,29
20231230,2023-12-30 00:00:00.000000,2023,4,12,December,30
20231231,2023-12-31 00:00:00.000000,2023,4,12,December,31
20240101,2024-01-01 00:00:00.000000,2024,1,1,January,1
20240102,2024-01-02 00:00:00.000000,2024,1,1,January,2
20240103,2024-01-03 00:00:00.000000,2024,1,1,January,3
20240104,2024-01-04 00:00:00.000000,2024,1,1,January,4
20240105,2024-01-05 00:00:00.000000,2024,1,1,January,5
20240106,2024-01-06 00:00:00.000000,2024,1,1,January,6
20240107,2024-01-07 00:00:00.000000,2024,1,1,January,7
20240108,2024-01-08 00:00:00.000000,2024,1,1,January,8
20240109,2024-01-09 00:00:00.000000,2024,1,1,January,9
20240110,2024-01-10 00:00:00.000000,2024,1,1,January,10
20240111,2024-01-11 00:00:00.000000,2024,1,1,January,11
20240112,2024-01-12 00:00:00.000000,2024,1,1,January,12
20240113,2024-01-13 00:00:00.000000,2024,1,1,January,13
20240114,2024-01-14 00:00:00.000000,2024,1,1,January,14
20240115,2024-01-15 00:00:00.000000,2024,1,1,January,15
20240116,2024-01-16 00:00:00.000000,2024,1,1,January,16
20240117,2024-01-17 00:00:00.000000,2024,1,1,January,17
20240118,2024-01-18 00:00:00.000000,2024,1,1,January,18
20240119,2024-01-19 00:00:00.000000,2024,1,1,January,19
20240120,2024-01-20 00:00:00.000000,2024,1,1,January,20
20240121,2024-01-21 00:00:00.000000,2024,1,1,January,21
20240122,2024-01-22 00:00:00.000000,2024,1,1,January,22
20240123,2024-01-23 00:00:00.000000,2024,1,1,January,23
20240124,2024-01-24 00:00:00.000000,2024,1,1,January,24
20240125,2024-01-25 00:00:00.000000,2024,1,1,January,25
20240126,2024-01-26 00:00:00.000000,2024,1,1,January,26
20240127,2024-01-27 00:00:00.000000,2024,1,1,January,27
20240128,2024-01-28 00:00:00.000000,2024,1,1,January,28
20240129,2024-01-29 00:00:00.000000,2024,1,1,January,29
20240130,2024-01-30 00:00:00.000000,2024,1,1,January,30
20240131,2024-01-31 00:00:00.000000,2024,1,1,January,31
20240201,2024-02-01 00:00:00.000000,2024,1,2,February,1
20240202,2024-02-02 00:00:00.000000,2024,1,2,February,2
20240203,2024-02-03 00:00:00.000000,2024,1,2,February,3
20240204,2024-02-04 00:00:00.000000,2024,1,2,February,4
20240205,2024-02-05 00:00:00.000000,2024,1,2,February,5
20240206,2024-02-06 00:00:00.000000,2024,1,2,February,6
20240207,2024-02-07 00:00:00.000000,2024,1,2,February,7
20240208,2024-02-08 00:00:00.000000,2024,1,2,February,8
20240209,2024-02-09 00:00:00.000000,2024,1,2,February,9
20240210,2024-02-10 00:00:00.000000,2024,1,2,February,10
20240211,2024-02-11 00:00:00.000000,2024,1,2,February,11
20240212,2024-02-12 00:00:00.000000,2024,1,2,February,12
20240213,2024-02-13 00:00:00.000000,2024,1,2,February,13
20240214,2024-02-14 00:00:00.000000,2024,1,2,February,14
20240215,2024-02-15 00:00:00.000000,2024,1,2,February,15
20240216,2024-02-16 00:00:00.000000,2024,1,2,February,16
20240217,2024-02-17 00:00:00.000000,2024,1,2,February,17
20240218,2024-02-18 00:00:00.000000,2024,1,2,February,18
20240219,2024-02-19 00:00:00.000000,2024,1,2,February,19
20240220,2024-02-20 00:00:00.000000,2024,1,2,February,20
20240221,2024-02-21 00:00:00.000000,2024,1,2,February,21
20240222,2024-02-22 00:00:00.000000,2024,1,2,February,22
20240223,2024-02-23 00:00:00.000000,2024,1,2,February,23
20240224,2024-02-24 00:00:00.000000,2024,1,2,February,24
20240225,2024-02-25 00:00:00.000000,2024,1,2,February,25
20240226,2024-02-26 00:00:00.000000,2024,1,2,February,26
20240227,2024-02-27 00:00:00.000000,2024,1,2,February,27
20240228,2024-02-28 00:00:00.000000,2024,1,2,February,28
20240229,2024-02-29 00:00:00.000000,2024,1,2,February,29
20240301,2024-03-01 00:00:00.000000,2024,1,3,March,1
20240302,2024-03-02 00:00:00.000000,2024,1,3,March,2
20240303,2024-03-03 00:00:00.000000,2024,1,3,March,3
20240304,2024-03-04 00:00:00.000000,2024,1,3,March,4
20240305,2024-03-05 00:00:00.000000,2024,1,3,March,5
20240306,2024-03-06 00:00:00.000000,2024,1,3,March,6
20240307,2024-03-07 00:00:00.000000,2024,1,3,March,7
20240308,2024-03-08 00:00:00.000000,2024,1,3,March,8
20240309,2024-03-09 00:00:00.000000,2024,1,3,March,9
20240310,2024-03-10 00:00:00.000000,2024,1,3,March,10
20240311,2024-03-11 00:00:00.000000,2024,1,3,March,11
20240312,2024-03-12 00:00:00.000000,2024,1,3,March,12
20240313,2024-03-13 00:00:00.000000,2024,1,3,March,13
20240314,2024-03-14 00:00:00.000000,2024,1,3,March,14
20240315,2024-03-15 00:00:00.000000,2024,1,3,March,15
20240316,2024-03-16 00:00:00.000000,2024,1,3,March,16
20240317,2024-03-17 00:00:00.000000,2024,1,3,March,17
20240318,2024-03-18 00:00:00.000000,2024,1,3,March,18
20240319,2024-03-19 00:00:00.000000,2024,1,3,March,19
20240320,2024-03-20 00:00:00.000000,2024,1,3,March,20
20240321,2024-03-21 00:00:00.000000,2024,1,3,March,21
20240322,2024-03-22 00:00:00.000000,2024,1,3,March,22
20240323,2024-03-23 00:00:00.000000,2024,1,3,March,23
20240324,2024-03-24 00:00:00.000000,2024,1,3,March,24
20240325,2024-03-25 00:00:00.000000,2024,1,3,March,25
20240326,2024-03-26 00:00:00.000000,2024,1,3,March,26
20240327,2024-03-27 00:00:00.000000,2024,1,3,March,27
20240328,2024-03-28 00:00:00.000000,2024,1,3,March,28
20240329,2024-03-29 00:00:00.000000,2024,1,3,March,29
20240330,2024-03-30 00:00:00.000000,2024,1,3,March,30
20240331,2024-03-31 00:00:00.000000,2024,1,3,March,31
20240401,2024-04-01 00:00:00.000000,2024,2,4,April,1
20240402,2024-04-02 00:00:00.000000,2024,2,4,April,2
20240403,2024-04-03 00:00:00.000000,2024,2,4,April,3
20240404,2024-04-04 00:00:00.000000,2024,2,4,April,4
20240405,2024-04-05 00:00:00.000000,2024,2,4,April,5
20240406,2024-04-06 00:00:00.000000,2024,2,4,April,6
20240407,2024-04-07 00:00:00.000000,2024,2,4,April,7
20240408,2024-04-08 00:00:00.000000,2024,2,4,April,8
20240409,2024-04-09 00:00:00.000000,2024,2,4,April,9
20240410,2024-04-10 00:00:00.000000,2024,2,4,April,10
20240411,2024-04-11 00:00:00.000000,2024,2,4,April,11
20240412,2024-04-12 00:00:00.000000,2024,2,4,April,12
20240413,2024-04-13 00:00:00.000000,2024,2,4,April,13
20240414,2024-04-14 00:00:00.000000,2024,2,4,April,14
20240415,2024-04-15 00:00:00.000000,2024,2,4,April,15
20240416,2024-04-16 00:00:00.000000,2024,2,4,April,16
20240417,2024-04-17 00:00:00.000000,2024,2,4,April,17
20240418,2024-04-18 00:00:00.000000,2024,2,4,April,18
20240419,2024-04-19 00:00:00.000000,2024,2,4,April,19
20240420,2024-04-20 00:00:00.000000,2024,2,4,April,20
20240421,2024-04-21 00:00:00.000000,2024,2,4,April,21
20240422,2024-04-22 00:00:00.000000,2024,2,4,April,22
20240423,2024-04-23 00:00:00.000000,2024,2,4,April,23
20240424,2024-04-24 00:00:00.000000,2024,2,4,April,24
20240425,2024-04-25 00:00:00.000000,2024,2,4,April,25
20240426,2024-04-26 00:00:00.000000,2024,2,4,April,26
20240427,2024-04-27 00:00:00.000000,2024,2,4,April,27
20240428,2024-04-28 00:00:00.000000,2024,2,4,April,28
20240429,2024-04-29 00:00:00.000000,2024,2,4,April,29
20240430,2024-04-30 00:00:00.000000,2024,2,4,April,30
20240501,2024-05-01 00:00:00.000000,2024,2,5,May,1
20240502,2024-05-02 00:00:00.000000,2024,2,5,May,2
20240503,2024-05-03 00:00:00.000000,2024,2,5,May,3
20240504,2024-05-04 00:00:00.000000,2024,2,5,May,4
20240505,2024-05-05 00:00:00.000000,2024,2,5,May,5
20240506,2024-05-06 00:00:00.000000,2024,2,5,May,6
20240507,2024-05-07 00:00:00.000000,2024,2,5,May,7
20240508,2024-05-08 00:00:00.000000,2024,2,5,May,8
20240509,2024-05-09 00:00:00.000000,2024,2,5,May,9
20240510,2024-05-10 00:00:00.000000,2024,2,5,May,10
20240511,2024-05-11 00:00:00.000000,2024,2,5,May,11
20240512,2024-05-12 00:00:00.000000,2024,2,5,May,12
20240513,2024-05-13 00:00:00.000000,2024,2,5,May,13
20240514,2024-05-14 00:00:00.000000,2024,2,5,May,14
20240515,2024-05-15 00:00:00.000000,2024,2,5,May,15
20240516,2024-05-16 00:00:00.000000,2024,2,5,May,16
20240517,2024-05-17 00:00:00.000000,2024,2,5,May,17
20240518,2024-05-18 00:00:00.000000,2024,2,5,May,18
20240519,2024-05-19 00:00:00.000000,2024,2,5,May,19
20240520,2024-05-20 00:00:00.000000,2024,2,5,May,20
20240521,2024-05-21 00:00:00.000000,2024,2,5,May,21
20240522,2024-05-22 00:00:00.000000,2024,2,5,May,22
20240523,2024-05-23 00:00:00.000000,2024,2,5,May,23
20240524,2024-05-24 00:00:00.000000,2024,2,5,May,24
20240525,2024-05-25 00:00:00.000000,2024,2,5,May,25
20240526,2024-05-26 00:00:00.000000,2024,2,5,May,26
20240527,2024-05-27 00:00:00.000000,2024,2,5,May,27
20240528,2024-05-28 00:00:00.000000,2024,2,5,May,28
20240529,2024-05-29 00:00:00.000000,2024,2,5,May,29
20240530,2024-05-30 00:00:00.000000,2024,2,5,May,30
20240531,2024-05-31 00:00:00.000000,2024,2,5,May,31
20240601,2024-06-01 00:00:00.000000,2024,2,6,June,1
20240602,2024-06-02 00:00:00.000000,2024,2,6,June,2
20240603,2024-06-03 00:00:00.000000,2024,2,6,June,3
20240604,2024-06-04 00:00:00.000000,2024,2,6,June,4
20240605,2024-06-05 00:00:00.000000,2024,2,6,June,5
20240606,2024-06-06 00:00:00.000000,2024,2,6,June,6
20240607,2024-06-07 00:00:00.000000,2024,2,6,June,7
20240608,2024-06-08 00:00:00.000000,2024,2,6,June,8
20240609,2024-06-09 00:00:00.000000,2024,2,6,June,9
20240610,2024-06-10 00:00:00.000000,2024,2,6,June,10
20240611,2024-06-11 00:00:00.000000,2024,2,6,June,11
20240612,2024-06-12 00:00:00.000000,2024,2,6,June,12
20240613,2024-06-13 00:00:00.000000,2024,2,6,June,13
20240614,2024-06-14 00:00:00.000000,2024,2,6,June,14
20240615,2024-06-15 00:00:00.000000,2024,2,6,June,15
20240616,2024-06-16 00:00:00.000000,2024,2,6,June,16
20240617,2024-06-17 00:00:00.000000,2024,2,6,June,17
20240618,2024-06-18 00:00:00.000000,2024,2,6,June,18
20240619,2024-06-19 00:00:00.000000,2024,2,6,June,19
20240620,2024-06-20 00:00:00.000000,2024,2,6,June,20
20240621,2024-06-21 00:00:00.000000,2024,2,6,June,21
20240622,2024-06-22 00:00:00.000000,2024,2,6,June,22
20240623,2024-06-23 00:00:00.000000,2024,2,6,June,23
20240624,2024-06-24 00:00:00.000000,2024,2,6,June,24
20240625,2024-06-25 00:00:00.000000,2024,2,6,June,25
20240626,2024-06-26 00:00:00.000000,2024,2,6,June,26
20240627,2024-06-27 00:00:00.000000,2024,2,6,June,27
20240628,2024-06-28 00:00:00.000000,2024,2,6,June,28
20240629,2024-06-29 00:00:00.000000,2024,2,6,June,29
20240630,2024-06-30 00:00:00.000000,2024,2,6,June,30
20240701,2024-07-01 00:00:00.000000,2024,3,7,July,1
20240702,2024-07-02 00:00:00.000000,2024,3,7,July,2
20240703,2024-07-03 00:00:00.000000,2024,3,7,July,3
20240704,2024-07-04 00:00:00.000000,2024,3,7,July,4
20240705,2024-07-05 00:00:00.000000,2024,3,7,July,5
20240706,2024-07-06 00:00:00.000000,2024,3,7,July,6
20240707,2024-07-07 00:00:00.000000,2024,3,7,July,7
20240708,2024-07-08 00:00:00.000000,2024,3,7,July,8
20240709,2024-07-09 00:00:00.000000,2024,3,7,July,9
20240710,2024-07-10 00:00:00.000000,2024,3,7,July,10
20240711,2024-07-11 00:00:00.000000,2024,3,7,July,11
20240712,2024-07-12 00:00:00.000000,2024,3,7,July,12
20240713,2024-07-13 00:00:00.000000,2024,3,7,July,13
20240714,2024-07-14 00:00:00.000000,2024,3,7,July,14
20240715,2024-07-15 00:00:00.000000,2024,3,7,July,15
20240716,2024-07-16 00:00:00.000000,2024,3,7,July,16
20240717,2024-07-17 00:00:00.000000,2024,3,7,July,17
20240718,2024-07-18 00:00:00.000000,2024,3,7,July,18
20240719,2024-07-19 00:00:00.000000,2024,3,7,July,19
20240720,2024-07-20 00:00:00.000000,2024,3,7,July,20
20240721,2024-07-21 00:00:00.000000,2024,3,7,July,21
20240722,2024-07-22 00:00:00.000000,2024,3,7,July,22
20240723,2024-07-23 00:00:00.000000,2024,3,7,July,23
20240724,2024-07-24 00:00:00.000000,2024,3,7,July,24
20240725,2024-07-25 00:00:00.000000,2024,3,7,July,25
20240726,2024-07-26 00:00:00.000000,2024,3,7,July,26
20240727,2024-07-27 00:00:00.000000,2024,3,7,July,27
20240728,2024-07-28 00:00:00.000000,2024,3,7,July,28
20240729,2024-07-29 00:00:00.000000,2024,3,7,July,29
20240730,2024-07-30 00:00:00.000000,2024,3,7,July,30
20240731,2024-07-31 00:00:00.000000,2024,3,7,July,31
20240801,2024-08-01 00:00:00.000000,2024,3,8,August,1
20240802,2024-08-02 00:00:00.000000,2024,3,8,August,2
20240803,2024-08-03 00:00:00.000000,2024,3,8,August,3
20240804,2024-08-04 00:00:00.000000,2024,3,8,August,4
20240805,2024-08-05 00:00:00.000000,2024,3,8,August,5
20240806,2024-08-06 00:00:00.000000,2024,3,8,August,6
20240807,2024-08-07 00:00:00.000000,2024,3,8,August,7
20240808,2024-08-08 00:00:00.000000,2024,3,8,August,8
20240809,2024-08-09 00:00:00.000000,2024,3,8,August,9
20240810,2024-08-10 00:00:00.000000,2024,3,8,August,10
20240811,2024-08-11 00:00:00.000000,2024,3,8,August,11
20240812,2024-08-12 00:00:00.000000,2024,3,8,August,12
20240813,2024-08-13 00:00:00.000000,2024,3,8,August,13
20240814,2024-08-14 00:00:00.000000,2024,3,8,August,14
20240815,2024-08-15 00:00:00.000000,2024,3,8,August,15
20240816,2024-08-16 00:00:00.000000,2024,3,8,August,16
20240817,2024-08-17 00:00:00.000000,2024,3,8,August,17
20240818,2024-08-18 00:00:00.000000,2024,3,8,August,18
20240819,2024-08-19 00:00:00.000000,2024,3,8,August,19
20240820,2024-08-20 00:00:00.000000,2024,3,8,August,20
20240821,2024-08-21 00:00:00.000000,2024,3,8,August,21
20240822,2024-08-22 00:00:00.000000,2024,3,8,August,22
20240823,2024-08-23 00:00:00.000000,2024,3,8,August,23
20240824,2024-08-24 00:00:00.000000,2024,3,8,August,24
20240825,2024-08-25 00:00:00.000000,2024,3,8,August,25
20240826,2024-08-26 00:00:00.000000,2024,3,8,August,26
20240827,2024-08-27 00:00:00.000000,2024,3,8,August,27
20240828,2024-08-28 00:00:00.000000,2024,3,8,August,28
20240829,2024-08-29 00:00:00.000000,2024,3,8,August,29
20240830,2024-08-30 00:00:00.000000,2024,3,8,August,30
20240831,2024-08-31 00:00:00.000000,2024,3,8,August,31
20240901,2024-09-01 00:00:00.000000,2024,3,9,September,1
20240902,2024-09-02 00:00:00.000000,2024,3,9,September,2
20240903,2024-09-03 00:00:00.000000,2024,3,9,September,3
20240904,2024-09-04 00:00:00.000000,2024,3,9,September,4
20240905,2024-09-05 00:00:00.000000,2024,3,9,September,5
20240906,2024-09-06 00:00:00.000000,2024,3,9,September,6
20240907,2024-09-07 00:00:00.000000,2024,3,9,September,7
20240908,2024-09-08 00:00:00.000000,2024,3,9,September,8
20240909,2024-09-09 00:00:00.000000,2024,3,9,September,9
20240910,2024-09-10 00:00:00.000000,2024,3,9,September,10
20240911,2024-09-11 00:00:00.000000,2024,3,9,September,11
20240912,2024-09-12 00:00:00.000000,2024,3,9,September,12
20240913,2024-09-13 00:00:00.000000,2024,3,9,September,13
20240914,2024-09-14 00:00:00.000000,2024,3,9,September,14
20240915,2024-09-15 00:00:00.000000,2024,3,9,September,15
20240916,2024-09-16 00:00:00.000000,2024,3,9,September,16
20240917,2024-09-17 00:00:00.000000,2024,3,9,September,17
20240918,2024-09-18 00:00:00.000000,2024,3,9,September,18
20240919,2024-09-19 00:00:00.000000,2024,3,9,September,19
20240920,2024-09-20 00:00:00.000000,2024,3,9,September,20
20240921,2024-09-21 00:00:00.000000,2024,3,9,September,21
20240922,2024-09-22 00:00:00.000000,2024,3,9,September,22
20240923,2024-09-23 00:00:00.000000,2024,3,9,September,23
20240924,2024-09-24 00:00:00.000000,2024,3,9,September,24
20240925,2024-09-25 00:00:00.000000,2024,3,9,September,25
20240926,2024-09-26 00:00:00.000000,2024,3,9,September,26
20240927,2024-09-27 00:00:00.000000,2024,3,9,September,27
20240928,2024-09-28 00:00:00.000000,2024,3,9,September,28
20240929,2024-09-29 00:00:00.000000,2024,3,9,September,29
20240930,2024-09-30 00:00:00.000000,2024,3,9,September,30
20241001,2024-10-01 00:00:00.000000,2024,4,10,October,1
20241002,2024-10-02 00:00:00.000000,2024,4,10,October,2
20241003,2024-10-03 00:00:00.000000,2024,4,10,October,3
20241004,2024-10-04 00:00:00.000000,2024,4,10,October,4
20241005,2024-10-05 00:00:00.000000,2024,4,10,October,5
20241006,2024-10-06 00:00:00.000000,2024,4,10,October,6
20241007,2024-10-07 00:00:00.000000,2024,4,10,October,7
20241008,2024-10-08 00:00:00.000000,2024,4,10,October,8
20241009,2024-10-09 00:00:00.000000,2024,4,10,October,9
20241010,2024-10-10 00:00:00.000000,2024,4,10,October,10
20241011,2024-10-11 00:00:00.000000,2024,4,10,October,11
20241012,2024-10-12 00:00:00.000000,2024,4,10,October,12
20241013,2024-10-13 00:00:00.000000,2024,4,10,October,13
20241014,2024-10-14 00:00:00.000000,2024,4,10,October,14
20241015,2024-10-15 00:00:00.000000,2024,4,10,October,15
20241016,2024-10-16 00:00:00.000000,2024,4,10,October,16
20241017,2024-10-17 00:00:00.000000,2024,4,10,October,17
20241018,2024-10-18 00:00:00.000000,2024,4,10,October,18
20241019,2024-10-19 00:00:00.000000,2024,4,10,October,19
20241020,2024-10-20 00:00:00.000000,2024,4,10,October,20
20241021,2024-10-21 00:00:00.000000,2024,4,10,October,21
20241022,2024-10-22 00:00:00.000000,2024,4,10,October,22
20241023,2024-10-23 00:00:00.000000,2024,4,10,October,23
20241024,2024-10-24 00:00:00.000000,2024,4,10,October,24
20241025,2024-10-25 00:00:00.000000,2024,4,10,October,25
20241026,2024-10-26 00:00:00.000000,2024,4,10,October,26
20241027,2024-10-27 00:00:00.000000,2024,4,10,October,27
20241028,2024-10-28 00:00:00.000000,2024,4,10,October,28
20241029,2024-10-29 00:00:00.000000,2024,4,10,October,29
20241030,2024-10-30 00:00:00.000000,2024,4,10,October,30
20241031,2024-10-31 00:00:00.000000,2024,4,10,October,31
20241101,2024-11-01 00:00:00.000000,2024,4,11,November,1
20241102,2024-11-02 00:00:00.000000,2024,4,11,November,2
20241103,2024-11-03 00:00:00.000000,2024,4,11,November,3
20241104,2024-11-04 00:00:00.000000,2024,4,11,November,4
20241105,2024-11-05 00:00:00.000000,2024,4,11,November,5
20241106,2024-11-06 00:00:00.000000,2024,4,11,November,6
20241107,2024-11-07 00:00:00.000000,2024,4,11,November,7
20241108,2024-11-08 00:00:00.000000,2024,4,11,November,8
20241109,2024-11-09 00:00:00.000000,2024,4,11,November,9
20241110,2024-11-10 00:00:00.000000,2024,4,11,November,10
20241111,2024-11-11 00:00:00.000000,2024,4,11,November,11
20241112,2024-11-12 00:00:00.000000,2024,4,11,November,12
20241113,2024-11-13 00:00:00.000000,2024,4,11,November,13
20241114,2024-11-14 00:00:00.000000,2024,4,11,November,14
20241115,2024-11-15 00:00:00.000000,2024,4,11,November,15
20241116,2024-11-16 00:00:00.000000,2024,4,11,November,16
20241117,2024-11-17 00:00:00.000000,2024,4,11,November,17
20241118,2024-11-18 00:00:00.000000,2024,4,11,November,18
20241119,2024-11-19 00:00:00.000000,2024,4,11,November,19
20241120,2024-11-20 00:00:00.000000,2024,4,11,November,20
20241121,2024-11-21 00:00:00.000000,2024,4,11,November,21
20241122,2024-11-22 00:00:00.000000,2024,4,11,November,22
20241123,2024-11-23 00:00:00.000000,2024,4,11,November,23
20241124,2024-11-24 00:00:00.000000,2024,4,11,November,24
20241125,2024-11-25 00:00:00.000000,2024,4,11,November,25
20241126,2024-11-26 00:00:00.000000,2024,4,11,November,26
20241127,2024-11-27 00:00:00.000000,2024,4,11,November,27
20241128,2024-11-28 00:00:00.000000,2024,4,11,November,28
20241129,2024-11-29 00:00:00.000000,2024,4,11,November,29
20241130,2024-11-30 00:00:00.000000,2024,4,11,November,30
20241201,2024-12-01 00:00:00.000000,2024,4,12,December,1
20241202,2024-12-02 00:00:00.000000,2024,4,12,December,2
20241203,2024-12-03 00:00:00.000000,2024,4,12,December,3
20241204,2024-12-04 00:00:00.000000,2024,4,12,December,4
20241205,2024-12-05 00:00:00.000000,2024,4,12,December,5
20241206,2024-12-06 00:00:00.000000,2024,4,12,December,6
20241207,2024-12-07 00:00:00.000000,2024,4,12,December,7
20241208,2024-12-08 00:00:00.000000,2024,4,12,December,8
20241209,2024-12-09 00:00:00.000000,2024,4,12,December,9
20241210,2024-12-10 00:00:00.000000,2024,4,12,December,10
20241211,2024-12-11 00:00:00.000000,2024,4,12,December,11
20241212,2024-12-12 00:00:00.000000,2024,4,12,December,12
20241213,2024-12-13 00:00:00.000000,2024,4,12,December,13
20241214,2024-12-14 00:00:00.000000,2024,4,12,December,14
20241215,2024-12-15 00:00:00.000000,2024,4,12,December,15
20241216,2024-12-16 00:00:00.000000,2024,4,12,December,16
20241217,2024-12-17 00:00:00.000000,2024,4,12,December,17
20241218,2024-12-18 00:00:00.000000,2024,4,12,December,18
20241219,2024-12-19 00:00:00.000000,2024,4,12,December,19
20241220,2024-12-20 00:00:00.000000,2024,4,12,December,20
20241221,2024-12-21 00:00:00.000000,2024,4,12,December,21
20241222,2024-12-22 00:00:00.000000,2024,4,12,December,22
20241223,2024-12-23 00:00:00.000000,2024,4,12,December,23
20241224,2024-12-24 00:00:00.000000,2024,4,12,December,24
20241225,2024-12-25 00:00:00.000000,2024,4,12,December,25
20241226,2024-12-26 00:00:00.000000,2024,4,12,December,26
20241227,2024-12-27 00:00:00.000000,2024,4,12,December,27
20241228,2024-12-28 00:00:00.000000,2024,4,12,December,28
20241229,2024-12-29 00:00:00.000000,2024,4,12,December,29
20241230,2024-12-30 00:00:00.000000,2024,4,12,December,30
20241231,2024-12-31 00:00:00.000000,2024,4,12,December,31
20250101,2025-01-01 00:00:00.000000,2025,1,1,January,1
20250102,2025-01-02 00:00:00.000000,2025,1,1,January,2
20250103,2025-01-03 00:00:00.000000,2025,1,1,January,3
20250104,2025-01-04 00:00:00.000000,2025,1,1,January,4
20250105,2025-01-05 00:00:00.000000,2025,1,1,January,5
20250106,2025-01-06 00:00:00.000000,2025,1,1,January,6
20250107,2025-01-07 00:00:00.000000,2025,1,1,January,7
20250108,2025-01-08 00:00:00.000000,2025,1,1,January,8
20250109,2025-01-09 00:00:00.000000,2025,1,1,January,9
20250110,2025-01-10 00:00:00.000000,2025,1,1,January,10
20250111,2025-01-11 00:00:00.000000,2025,1,1,January,11
20250112,2025-01-12 00:00:00.000000,2025,1,1,January,12
20250113,2025-01-13 00:00:00.000000,2025,1,1,January,13
20250114,2025-01-14 00:00:00.000000,2025,1,1,January,14
20250115,2025-01-15 00:00:00.000000,2025,1,1,January,15
20250116,2025-01-16 00:00:00.000000,2025,1,1,January,16
20250117,2025-01-17 00:00:00.000000,2025,1,1,January,17
20250118,2025-01-18 00:00:00.000000,2025,1,1,January,18
20250119,2025-01-19 00:00:00.000000,2025,1,1,January,19
20250120,2025-01-20 00:00:00.000000,2025,1,1,January,20
20250121,2025-01-21 00:00:00.000000,2025,1,1,January,21
20250122,2025-01-22 00:00:00.000000,2025,1,1,January,22
20250123,2025-01-23 00:00:00.000000,2025,1,1,January,23
20250124,2025-01-24 00:00:00.000000,2025,1,1,January,24
20250125,2025-01-25 00:00:00.000000,2025,1,1,January,25
20250126,2025-01-26 00:00:00.000000,2025,1,1,January,26
20250127,2025-01-27 00:00:00.000000,2025,1,1,January,27
20250128,2025-01-28 00:00:00.000000,2025,1,1,January,28
20250129,2025-01-29 00:00:00.000000,2025,1,1,January,29
20250130,2025-01-30 00:00:00.000000,2025,1,1,January,30
20250131,2025-01-31 00:00:00.000000,2025,1,1,January,31
20250201,2025-02-01 00:00:00.000000,2025,1,2,February,1
20250202,2025-02-02 00:00:00.000000,2025,1,2,February,2
20250203,2025-02-03 00:00:00.000000,2025,1,2,February,3
20250204,2025-02-04 00:00:00.000000,2025,1,2,February,4
20250205,2025-02-05 00:00:00.000000,2025,1,2,February,5
20250206,2025-02-06 00:00:00.000000,2025,1,2,February,6
20250207,2025-02-07 00:00:00.000000,2025,1,2,February,7
20250208,2025-02-08 00:00:00.000000,2025,1,2,February,8
20250209,2025-02-09 00:00:00.000000,2025,1,2,February,9
20250210,2025-02-10 00:00:00.000000,2025,1,2,February,10
20250211,2025-02-11 00:00:00.000000,2025,1,2,February,11
20250212,2025-02-12 00:00:00.000000,2025,1,2,February,12
20250213,2025-02-13 00:00:00.000000,2025,1,2,February,13
20250214,2025-02-14 00:00:00.000000,2025,1,2,February,14
20250215,2025-02-15 00:00:00.000000,2025,1,2,February,15
20250216,2025-02-16 00:00:00.000000,2025,1,2,February,16
20250217,2025-02-17 00:00:00.000000,2025,1,2,February,17
20250218,2025-02-18 00:00:00.000000,2025,1,2,February,18
20250219,2025-02-19 00:00:00.000000,2025,1,2,February,19
20250220,2025-02-20 00:00:00.000000,2025,1,2,February,20
20250221,2025-02-21 00:00:00.000000,2025,1,2,February,21
20250222,2025-02-22 00:00:00.000000,2025,1,2,February,22
20250223,2025-02-23 00:00:00.000000,2025,1,2,February,23
20250224,2025-02-24 00:00:00.000000,2025,1,2,February,24
20250225,2025-02-25 00:00:00.000000,2025,1,2,February,25
20250226,2025-02-26 00:00:00.000000,2025,1,2,February,26
20250227,2025-02-27 00:00:00.000000,2025,1,2,February,27
20250228,2025-02-28 00:00:00.000000,2025,1,2,February,28
20250301,2025-03-01 00:00:00.000000,2025,1,3,March,1
20250302,2025-03-02 00:00:00.000000,2025,1,3,March,2
20250303,2025-03-03 00:00:00.000000,2025,1,3,March,3
20250304,2025-03-04 00:00:00.000000,2025,1,3,March,4
20250305,2025-03-05 00:00:00.000000,2025,1,3,March,5
20250306,2025-03-06 00:00:00.000000,2025,1,3,March,6
20250307,2025-03-07 00:00:00.000000,2025,1,3,March,7
20250308,2025-03-08 00:00:00.000000,2025,1,3,March,8
20250309,2025-03-09 00:00:00.000000,2025,1,3,March,9
20250310,2025-03-10 00:00:00.000000,2025,1,3,March,10
20250311,2025-03-11 00:00:00.000000,2025,1,3,March,11
20250312,2025-03-12 00:00:00.000000,2025,1,3,March,12
20250313,2025-03-13 00:00:00.000000,2025,1,3,March,13
20250314,2025-03-14 00:00:00.000000,2025,1,3,March,14
20250315,2025-03-15 00:00:00.000000,2025,1,3,March,15
20250316,2025-03-16 00:00:00.000000,2025,1,3,March,16
20250317,2025-03-17 00:00:00.000000,2025,1,3,March,17
20250318,2025-03-18 00:00:00.000000,2025,1,3,March,18
20250319,2025-03-19 00:00:00.000000,2025,1,3,March,19
20250320,2025-03-20 00:00:00.000000,2025,1,3,March,20
20250321,2025-03-21 00:00:00.000000,2025,1,3,March,21
20250322,2025-03-22 00:00:00.000000,2025,1,3,March,22
20250323,2025-03-23 00:00:00.000000,2025,1,3,March,23
20250324,2025-03-24 00:00:00.000000,2025,1,3,March,24
20250325,2025-03-25 00:00:00.000000,2025,1,3,March,25
20250326,2025-03-26 00:00:00.000000,2025,1,3,March,26
20250327,2025-03-27 00:00:00.000000,2025,1,3,March,27
20250328,2025-03-28 00:00:00.000000,2025,1,3,March,28
20250329,2025-03-29 00:00:00.000000,2025,1,3,March,29
20250330,2025-03-30 00:00:00.000000,2025,1,3,March,30
20250331,2025-03-31 00:00:00.000000,2025,1,3,March,31
20250401,2025-04-01 00:00:00.000000,2025,2,4,April,1
20250402,2025-04-02 00:00:00.000000,2025,2,4,April,2
20250403,2025-04-03 00:00:00.000000,2025,2,4,April,3
20250404,2025-04-04 00:00:00.000000,2025,2,4,April,4
20250405,2025-04-05 00:00:00.000000,2025,2,4,April,5
20250406,2025-04-06 00:00:00.000000,2025,2,4,April,6
20250407,2025-04-07 00:00:00.000000,2025,2,4,April,7
20250408,2025-04-08 00:00:00.000000,2025,2,4,April,8
20250409,2025-04-09 00:00:00.000000,2025,2,4,April,9
20250410,2025-04-10 00:00:00.000000,2025,2,4,April,10
20250411,2025-04-11 00:00:00.000000,2025,2,4,April,11
20250412,2025-04-12 00:00:00.000000,2025,2,4,April,12
20250413,2025-04-13 00:00:00.000000,2025,2,4,April,13
20250414,2025-04-14 00:00:00.000000,2025,2,4,April,14
20250415,2025-04-15 00:00:00.000000,2025,2,4,April,15
20250416,2025-04-16 00:00:00.000000,2025,2,4,April,16
20250417,2025-04-17 00:00:00.000000,2025,2,4,April,17
20250418,2025-04-18 00:00:00.000000,2025,2,4,April,18
20250419,2025-04-19 00:00:00.000000,2025,2,4,April,19
20250420,2025-04-20 00:00:00.000000,2025,2,4,April,20
20250421,2025-04-21 00:00:00.000000,2025,2,4,April,21
20250422,2025-04-22 00:00:00.000000,2025,2,4,April,22
20250423,2025-04-23 00:00:00.000000,2025,2,4,April,23
20250424,2025-04-24 00:00:00.000000,2025,2,4,April,24
20250425,2025-04-25 00:00:00.000000,2025,2,4,April,25
20250426,2025-04-26 00:00:00.000000,2025,2,4,April,26
20250427,2025-04-27 00:00:00.000000,2025,2,4,April,27
20250428,2025-04-28 00:00:00.000000,2025,2,4,April,28
20250429,2025-04-29 00:00:00.000000,2025,2,4,April,29
20250430,2025-04-30 00:00:00.000000,2025,2,4,April,30
20250501,2025-05-01 00:00:00.000000,2025,2,5,May,1
20250502,2025-05-02 00:00:00.000000,2025,2,5,May,2
20250503,2025-05-03 00:00:00.000000,2025,2,5,May,3
20250504,2025-05-04 00:00:00.000000,2025,2,5,May,4
20250505,2025-05-05 00:00:00.000000,2025,2,5,May,5
20250506,2025-05-06 00:00:00.000000,2025,2,5,May,6
20250507,2025-05-07 00:00:00.000000,2025,2,5,May,7
20250508,2025-05-08 00:00:00.000000,2025,2,5,May,8
20250509,2025-05-09 00:00:00.000000,2025,2,5,May,9
20250510,2025-05-10 00:00:00.000000,2025,2,5,May,10
20250511,2025-05-11 00:00:00.000000,2025,2,5,May,11
20250512,2025-05-12 00:00:00.000000,2025,2,5,May,12
20250513,2025-05-13 00:00:00.000000,2025,2,5,May,13
20250514,2025-05-14 00:00:00.000000,2025,2,5,May,14
20250515,2025-05-15 00:00:00.000000,2025,2,5,May,15
20250516,2025-05-16 00:00:00.000000,2025,2,5,May,16
20250517,2025-05-17 00:00:00.000000,2025,2,5,May,17
20250518,2025-05-18 00:00:00.000000,2025,2,5,May,18
20250519,2025-05-19 00:00:00.000000,2025,2,5,May,19
20250520,2025-05-20 00:00:00.000000,2025,2,5,May,20
20250521,2025-05-21 00:00:00.000000,2025,2,5,May,21
20250522,2025-05-22 00:00:00.000000,2025,2,5,May,22
20250523,2025-05-23 00:00:00.000000,2025,2,5,May,23
20250524,2025-05-24 00:00:00.000000,2025,2,5,May,24
20250525,2025-05-25 00:00:00.000000,2025,2,5,May,25
20250526,2025-05-26 00:00:00.000000,2025,2,5,May,26
20250527,2025-05-27 00:00:00.000000,2025,2,5,May,27
20250528,2025-05-28 00:00:00.000000,2025,2,5,May,28
20250529,2025-05-29 00:00:00.000000,2025,2,5,May,29
20250530,2025-05-30 00:00:00.000000,2025,2,5,May,30
20250531,2025-05-31 00:00:00.000000,2025,2,5,May,31
20250601,2025-06-01 00:00:00.000000,2025,2,6,June,1
20250602,2025-06-02 00:00:00.000000,2025,2,6,June,2
20250603,2025-06-03 00:00:00.000000,2025,2,6,June,3
20250604,2025-06-04 00:00:00.000000,2025,2,6,June,4
20250605,2025-06-05 00:00:00.000000,2025,2,6,June,5
20250606,2025-06-06 00:00:00.000000,2025,2,6,June,6
20250607,2025-06-07 00:00:00.000000,2025,2,6,June,7
20250608,2025-06-08 00:00:00.000000,2025,2,6,June,8
20250609,2025-06-09 00:00:00.000000,2025,2,6,June,9
20250610,2025-06-10 00:00:00.000000,2025,2,6,June,10
20250611,2025-06-11 00:00:00.000000,2025,2,6,June,11
20250612,2025-06-12 00:00:00.000000,2025,2,6,June,12
20250613,2025-06-13 00:00:00.000000,2025,2,6,June,13
20250614,2025-06-14 00:00:00.000000,2025,2,6,June,14
20250615,2025-06-15 00:00:00.000000,2025,2,6,June,15
20250616,2025-06-16 00:00:00.000000,2025,2,6,June,16
20250617,2025-06-17 00:00:00.000000,2025,2,6,June,17
20250618,2025-06-18 00:00:00.000000,2025,2,6,June,18
20250619,2025-06-19 00:00:00.000000,2025,2,6,June,19
20250620,2025-06-20 00:00:00.000000,2025,2,6,June,20
20250621,2025-06-21 00:00:00.000000,2025,2,6,June,21
20250622,2025-06-22 00:00:00.000000,2025,2,6,June,22
20250623,2025-06-23 00:00:00.000000,2025,2,6,June,23
20250624,2025-06-24 00:00:00.000000,2025,2,6,June,24
20250625,2025-06-25 00:00:00.000000,2025,2,6,June,25
20250626,2025-06-26 00:00:00.000000,2025,2,6,June,26
20250627,2025-06-27 00:00:00.000000,2025,2,6,June,27
20250628,2025-06-28 00:00:00.000000,2025,2,6,June,28
20250629,2025-06-29 00:00:00.000000,2025,2,6,June,29
20250630,2025-06-30 00:00:00.000000,2025,2,6,June,30
20250701,2025-07-01 00:00:00.000000,2025,3,7,July,1
20250702,2025-07-02 00:00:00.000000,2025,3,7,July,2
20250703,2025-07-03 00:00:00.000000,2025,3,7,July,3
20250704,2025-07-04 00:00:00.000000,2025,3,7,July,4
20250705,2025-07-05 00:00:00.000000,2025,3,7,July,5
20250706,2025-07-06 00:00:00.000000,2025,3,7,July,6
20250707,2025-07-07 00:00:00.000000,2025,3,7,July,7
20250708,2025-07-08 00:00:00.000000,2025,3,7,July,8
20250709,2025-07-09 00:00:00.000000,2025,3,7,July,9
20250710,2025-07-10 00:00:00.000000,2025,3,7,July,10
20250711,2025-07-11 00:00:00.000000,2025,3,7,July,11
20250712,2025-07-12 00:00:00.000000,2025,3,7,July,12
20250713,2025-07-13 00:00:00.000000,2025,3,7,July,13
20250714,2025-07-14 00:00:00.000000,2025,3,7,July,14
20250715,2025-07-15 00:00:00.000000,2025,3,7,July,15
20250716,2025-07-16 00:00:00.000000,2025,3,7,July,16
20250717,2025-07-17 00:00:00.000000,2025,3,7,July,17
20250718,2025-07-18 00:00:00.000000,2025,3,7,July,18
20250719,2025-07-19 00:00:00.000000,2025,3,7,July,19
20250720,2025-07-20 00:00:00.000000,2025,3,7,July,20
20250721,2025-07-21 00:00:00.000000,2025,3,7,July,21
20250722,2025-07-22 00:00:00.000000,2025,3,7,July,22
20250723,2025-07-23 00:00:00.000000,2025,3,7,July,23
20250724,2025-07-24 00:00:00.000000,2025,3,7,July,24
20250725,2025-07-25 00:00:00.000000,2025,3,7,July,25
20250726,2025-07-26 00:00:00.000000,2025,3,7,July,26
20250727,2025-07-27 00:00:00.000000,2025,3,7,July,27
20250728,2025-07-28 00:00:00.000000,2025,3,7,July,28
20250729,2025-07-29 00:00:00.000000,2025,3,7,July,29
20250730,2025-07-30 00:00:00.000000,2025,3,7,July,30
20250731,2025-07-31 00:00:00.000000,2025,3,7,July,31
20250801,2025-08-01 00:00:00.000000,2025,3,8,August,1
20250802,2025-08-02 00:00:00.000000,2025,3,8,August,2
20250803,2025-08-03 00:00:00.000000,2025,3,8,August,3
20250804,2025-08-04 00:00:00.000000,2025,3,8,August,4
20250805,2025-08-05 00:00:00.000000,2025,3,8,August,5
20250806,2025-08-06 00:00:00.000000,2025,3,8,August,6
20250807,2025-08-07 00:00:00.000000,2025,3,8,August,7
20250808,2025-08-08 00:00:00.000000,2025,3,8,August,8
20250809,2025-08-09 00:00:00.000000,2025,3,8,August,9
20250810,2025-08-10 00:00:00.000000,2025,3,8,August,10
20250811,2025-08-11 00:00:00.000000,2025,3,8,August,11
20250812,2025-08-12 00:00:00.000000,2025,3,8,August,12
20250813,2025-08-13 00:00:00.000000,2025,3,8,August,13
20250814,2025-08-14 00:00:00.000000,2025,3,8,August,14
20250815,2025-08-15 00:00:00.000000,2025,3,8,August,15
20250816,2025-08-16 00:00:00.000000,2025,3,8,August,16
20250817,2025-08-17 00:00:00.000000,2025,3,8,August,17
20250818,2025-08-18 00:00:00.000000,2025,3,8,August,18
20250819,2025-08-19 00:00:00.000000,2025,3,8,August,19
20250820,2025-08-20 00:00:00.000000,2025,3,8,August,20
20250821,2025-08-21 00:00:00.000000,2025,3,8,August,21
20250822,2025-08-22 00:00:00.000000,2025,3,8,August,22
20250823,2025-08-23 00:00:00.000000,2025,3,8,August,23
20250824,2025-08-24 00:00:00.000000,2025,3,8,August,24
20250825,2025-08-25 00:00:00.000000,2025,3,8,August,25
20250826,2025-08-26 00:00:00.000000,2025,3,8,August,26
20250827,2025-08-27 00:00:00.000000,2025,3,8,August,27
20250828,2025-08-28 00:00:00.000000,2025,3,8,August,28
20250829,2025-08-29 00:00:00.000000,2025,3,8,August,29
20250830,2025-08-30 00:00:00.000000,2025,3,8,August,30
20250831,2025-08-31 00:00:00.000000,2025,3,8,August,31
20250901,2025-09-01 00:00:00.000000,2025,3,9,September,1
20250902,2025-09-02 00:00:00.000000,2025,3,9,September,2
20250903,2025-09-03 00:00:00.000000,2025,3,9,September,3
20250904,2025-09-04 00:00:00.000000,2025,3,9,September,4
20250905,2025-09-05 00:00:00.000000,2025,3,9,September,5
20250906,2025-09-06 00:00:00.000000,2025,3,9,September,6
20250907,2025-09-07 00:00:00.000000,2025,3,9,September,7
20250908,2025-09-08 00:00:00.000000,2025,3,9,September,8
20250909,2025-09-09 00:00:00.000000,2025,3,9,September,9
20250910,2025-09-10 00:00:00.000000,2025,3,9,September,10
20250911,2025-09-11 00:00:00.000000,2025,3,9,September,11
20250912,2025-09-12 00:00:00.000000,2025,3,9,September,12
20250913,2025-09-13 00:00:00.000000,2025,3,9,September,13
20250914,2025-09-14 00:00:00.000000,2025,3,9,September,14
20250915,2025-09-15 00:00:00.000000,2025,3,9,September,15
20250916,2025-09-16 00:00:00.000000,2025,3,9,September,16
20250917,2025-09-17 00:00:00.000000,2025,3,9,September,17
20250918,2025-09-18 00:00:00.000000,2025,3,9,September,18
20250919,2025-09-19 00:00:00.000000,2025,3,9,September,19
20250920,2025-09-20 00:00:00.000000,2025,3,9,September,20
20250921,2025-09-21 00:00:00.000000,2025,3,9,September,21
20250922,2025-09-22 00:00:00.000000,2025,3,9,September,22
20250923,2025-09-23 00:00:00.000000,2025,3,9,September,23
20250924,2025-09-24 00:00:00.000000,2025,3,9,September,24
20250925,2025-09-25 00:00:00.000000,2025,3,9,September,25
20250926,2025-09-26 00:00:00.000000,2025,3,9,September,26
20250927,2025-09-27 00:00:00.000000,2025,3,9,September,27
20250928,2025-09-28 00:00:00.000000,2025,3,9,September,28
20250929,2025-09-29 00:00:00.000000,2025,3,9,September,29
20250930,2025-09-30 00:00:00.000000,2025,3,9,September,30
20251001,2025-10-01 00:00:00.000000,2025,4,10,October,1
20251002,2025-10-02 00:00:00.000000,2025,4,10,October,2
20251003,2025-10-03 00:00:00.000000,2025,4,10,October,3
20251004,2025-10-04 00:00:00.000000,2025,4,10,October,4
20251005,2025-10-05 00:00:00.000000,2025,4,10,October,5
20251006,2025-10-06 00:00:00.000000,2025,4,10,October,6
20251007,2025-10-07 00:00:00.000000,2025,4,10,October,7
20251008,2025-10-08 00:00:00.000000,2025,4,10,October,8
20251009,2025-10-09 00:00:00.000000,2025,4,10,October,9
20251010,2025-10-10 00:00:00.000000,2025,4,10,October,10
20251011,2025-10-11 00:00:00.000000,2025,4,10,October,11
20251012,2025-10-12 00:00:00.000000,2025,4,10,October,12
20251013,2025-10-13 00:00:00.000000,2025,4,10,October,13
20251014,2025-10-14 00:00:00.000000,2025,4,10,October,14
20251015,2025-10-15 00:00:00.000000,2025,4,10,October,15
20251016,2025-10-16 00:00:00.000000,2025,4,10,October,16
20251017,2025-10-17 00:00:00.000000,2025,4,10,October,17
20251018,2025-10-18 00:00:00.000000,2025,4,10,October,18
20251019,2025-10-19 00:00:00.000000,2025,4,10,October,19
20251020,2025-10-20 00:00:00.000000,2025,4,10,October,20
20251021,2025-10-21 00:00:00.000000,2025,4,10,October,21
20251022,2025-10-22 00:00:00.000000,2025,4,10,October,22
20251023,2025-10-23 00:00:00.000000,2025,4,10,October,23
20251024,2025-10-24 00:00:00.000000,2025,4,10,October,24
20251025,2025-10-25 00:00:00.000000,2025,4,10,October,25
20251026,2025-10-26 00:00:00.000000,2025,4,10,October,26
20251027,2025-10-27 00:00:00.000000,2025,4,10,October,27
20251028,2025-10-28 00:00:00.000000,2025,4,10,October,28
20251029,2025-10-29 00:00:00.000000,2025,4,10,October,29
20251030,2025-10-30 00:00:00.000000,2025,4,10,October,30
20251031,2025-10-31 00:00:00.000000,2025,4,10,October,31
20251101,2025-11-01 00:00:00.000000,2025,4,11,November,1
20251102,2025-11-02 00:00:00.000000,2025,4,11,November,2
20251103,2025-11-03 00:00:00.000000,2025,4,11,November,3
20251104,2025-11-04 00:00:00.000000,2025,4,11,November,4
20251105,2025-11-05 00:00:00.000000,2025,4,11,November,5
20251106,2025-11-06 00:00:00.000000,2025,4,11,November,6
20251107,2025-11-07 00:00:00.000000,2025,4,11,November,7
20251108,2025-11-08 00:00:00.000000,2025,4,11,November,8
20251109,2025-11-09 00:00:00.000000,2025,4,11,November,9
20251110,2025-11-10 00:00:00.000000,2025,4,11,November,10
20251111,2025-11-11 00:00:00.000000,2025,4,11,November,11
20251112,2025-11-12 00:00:00.000000,2025,4,11,November,12
20251113,2025-11-13 00:00:00.000000,2025,4,11,November,13
20251114,2025-11-14 00:00:00.000000,2025,4,11,November,14
20251115,2025-11-15 00:00:00.000000,2025,4,11,November,15
20251116,2025-11-16 00:00:00.000000,2025,4,11,November,16
20251117,2025-11-17 00:00:00.000000,2025,4,11,November,17
20251118,2025-11-18 00:00:00.000000,2025,4,11,November,18
20251119,2025-11-19 00:00:00.000000,2025,4,11,November,19
20251120,2025-11-20 00:00:00.000000,2025,4,11,November,20
20251121,2025-11-21 00:00:00.000000,2025,4,11,November,21
20251122,2025-11-22 00:00:00.000000,2025,4,11,November,22
20251123,2025-11-23 00:00:00.000000,2025,4,11,November,23
20251124,2025-11-24 00:00:00.000000,2025,4,11,November,24
20251125,2025-11-25 00:00:00.000000,2025,4,11,November,25
20251126,2025-11-26 00:00:00.000000,2025,4,11,November,26
20251127,2025-11-27 00:00:00.000000,2025,4,11,November,27
20251128,2025-11-28 00:00:00.000000,2025,4,11,November,28
20251129,2025-11-29 00:00:00.000000,2025,4,11,November,29
20251130,2025-11-30 00:00:00.000000,2025,4,11,November,30
20251201,2025-12-01 00:00:00.000000,2025,4,12,December,1
20251202,2025-12-02 00:00:00.000000,2025,4,12,December,2
20251203,2025-12-03 00:00:00.000000,2025,4,12,December,3
20251204,2025-12-04 00:00:00.000000,2025,4,12,December,4
20251205,2025-12-05 00:00:00.000000,2025,4,12,December,5
20251206,2025-12-06 00:00:00.000000,2025,4,12,December,6
20251207,2025-12-07 00:00:00.000000,2025,4,12,December,7
20251208,2025-12-08 00:00:00.000000,2025,4,12,December,8
20251209,2025-12-09 00:00:00.000000,2025,4,12,December,9
20251210,2025-12-10 00:00:00.000000,2025,4,12,December,10
20251211,2025-12-11 00:00:00.000000,2025,4,12,December,11
20251212,2025-12-12 00:00:00.000000,2025,4,12,December,12
20251213,2025-12-13 00:00:00.000000,2025,4,12,December,13
20251214,2025-12-14 00:00:00.000000,2025,4,12,December,14
20251215,2025-12-15 00:00:00.000000,2025,4,12,December,15
20251216,2025-12-16 00:00:00.000000,2025,4,12,December,16
20251217,2025-12-17 00:00:00.000000,2025,4,12,December,17
20251218,2025-12-18 00:00:00.000000,2025,4,12,December,18
20251219,2025-12-19 00:00:00.000000,2025,4,12,December,19
20251220,2025-12-20 00:00:00.000000,2025,4,12,December,20
20251221,2025-12-21 00:00:00.000000,2025,4,12,December,21
20251222,2025-12-22 00:00:00.000000,2025,4,12,December,22
20251223,2025-12-23 00:00:00.000000,2025,4,12,December,23
20251224,2025-12-24 00:00:00.000000,2025,4,12,December,24
20251225,2025-12-25 00:00:00.000000,2025,4,12,December,25
20251226,2025-12-26 00:00:00.000000,2025,4,12,December,26
20251227,2025-12-27 00:00:00.000000,2025,4,12,December,27
20251228,2025-12-28 00:00:00.000000,2025,4,12,December,28
20251229,2025-12-29 00:00:00.000000,2025,4,12,December,29
20251230,2025-12-30 00:00:00.000000,2025,4,12,December,30
20251231,2025-12-31 00:00:00.000000,2025,4,12,December,31
20260101,2026-01-01 00:00:00.000000,2026,1,1,January,1
20260102,2026-01-02 00:00:00.000000,2026,1,1,January,2
20260103,2026-01-03 00:00:00.000000,2026,1,1,January,3
20260104,2026-01-04 00:00:00.000000,2026,1,1,January,4
20260105,2026-01-05 00:00:00.000000,2026,1,1,January,5
20260106,2026-01-06 00:00:00.000000,2026,1,1,January,6
20260107,2026-01-07 00:00:00.000000,2026,1,1,January,7
20260108,2026-01-08 00:00:00.000000,2026,1,1,January,8
20260109,2026-01-09 00:00:00.000000,2026,1,1,January,9
20260110,2026-01-10 00:00:00.000000,2026,1,1,January,10
20260111,2026-01-11 00:00:00.000000,2026,1,1,January,11
20260112,2026-01-12 00:00:00.000000,2026,1,1,January,12
20260113,2026-01-13 00:00:00.000000,2026,1,1,January,13
20260114,2026-01-14 00:00:00.000000,2026,1,1,January,14
20260115,2026-01-15 00:00:00.000000,2026,1,1,January,15
20260116,2026-01-16 00:00:00.000000,2026,1,1,January,16
20260117,2026-01-17 00:00:00.000000,2026,1,1,January,17
20260118,2026-01-18 00:00:00.000000,2026,1,1,January,18
20260119,2026-01-19 00:00:00.000000,2026,1,1,January,19
20260120,2026-01-20 00:00:00.000000,2026,1,1,January,20
20260121,2026-01-21 00:00:00.000000,2026,1,1,January,21
20260122,2026-01-22 00:00:00.000000,2026,1,1,January,22
20260123,2026-01-23 00:00:00.000000,2026,1,1,January,23
20260124,2026-01-24 00:00:00.000000,2026,1,1,January,24
20260125,2026-01-25 00:00:00.000000,2026,1,1,January,25
20260126,2026-01-26 00:00:00.000000,2026,1,1,January,26
20260127,2026-01-27 00:00:00.000000,2026,1,1,January,27
20260128,2026-01-28 00:00:00.000000,2026,1,1,January,28
20260129,2026-01-29 00:00:00.000000,2026,1,1,January,29
20260130,2026-01-30 00:00:00.000000,2026,1,1,January,30
20260131,2026-01-31 00:00:00.000000,2026,1,1,January,31
20260201,2026-02-01 00:00:00.000000,2026,1,2,February,1
20260202,2026-02-02 00:00:00.000000,2026,1,2,February,2
20260203,2026-02-03 00:00:00.000000,2026,1,2,February,3
20260204,2026-02-04 00:00:00.000000,2026,1,2,February,4
20260205,2026-02-05 00:00:00.000000,2026,1,2,February,5
20260206,2026-02-06 00:00:00.000000,2026,1,2,February,6
20260207,2026-02-07 00:00:00.000000,2026,1,2,February,7
20260208,2026-02-08 00:00:00.000000,2026,1,2,February,8
20260209,2026-02-09 00:00:00.000000,2026,1,2,February,9
20260210,2026-02-10 00:00:00.000000,2026,1,2,February,10
20260211,2026-02-11 00:00:00.000000,2026,1,2,February,11
20260212,2026-02-12 00:00:00.000000,2026,1,2,February,12
20260213,2026-02-13 00:00:00.000000,2026,1,2,February,13
20260214,2026-02-14 00:00:00.000000,2026,1,2,February,14
20260215,2026-02-15 00:00:00.000000,2026,1,2,February,15
20260216,2026-02-16 00:00:00.000000,2026,1,2,February,16
20260217,2026-02-17 00:00:00.000000,2026,1,2,February,17
20260218,2026-02-18 00:00:00.000000,2026,1,2,February,18
20260219,2026-02-19 00:00:00.000000,2026,1,2,February,19
20260220,2026-02-20 00:00:00.000000,2026,1,2,February,20
20260221,2026-02-21 00:00:00.000000,2026,1,2,February,21
20260222,2026-02-22 00:00:00.000000,2026,1,2,February,22
20260223,2026-02-23 00:00:00.000000,2026,1,2,February,23
20260224,2026-02-24 00:00:00.000000,2026,1,2,February,24
20260225,2026-02-25 00:00:00.000000,2026,1,2,February,25
20260226,2026-02-26 00:00:00.000000,2026,1,2,February,26
20260227,2026-02-27 00:00:00.000000,2026,1,2,February,27
20260228,2026-02-28 00:00:00.000000,2026,1,2,February,28
20260301,2026-03-01 00:00:00.000000,2026,1,3,March,1
20260302,2026-03-02 00:00:00.000000,2026,1,3,March,2
20260303,2026-03-03 00:00:00.000000,2026,1,3,March,3
20260304,2026-03-04 00:00:00.000000,2026,1,3,March,4
20260305,2026-03-05 00:00:00.000000,2026,1,3,March,5
20260306,2026-03-06 00:00:00.000000,2026,1,3,March,6
20260307,2026-03-07 00:00:00.000000,2026,1,3,March,7
20260308,2026-03-08 00:00:00.000000,2026,1,3,March,8
20260309,2026-03-09 00:00:00.000000,2026,1,3,March,9
20260310,2026-03-10 00:00:00.000000,2026,1,3,March,10
20260311,2026-03-11 00:00:00.000000,2026,1,3,March,11
20260312,2026-03-12 00:00:00.000000,2026,1,3,March,12
20260313,2026-03-13 00:00:00.000000,2026,1,3,March,13
20260314,2026-03-14 00:00:00.000000,2026,1,3,March,14
20260315,2026-03-15 00:00:00.000000,2026,1,3,March,15
20260316,2026-03-16 00:00:00.000000,2026,1,3,March,16
20260317,2026-03-17 00:00:00.000000,2026,1,3,March,17
20260318,2026-03-18 00:00:00.000000,2026,1,3,March,18
20260319,2026-03-19 00:00:00.000000,2026,1,3,March,19
20260320,2026-03-20 00:00:00.000000,2026,1,3,March,20
20260321,2026-03-21 00:00:00.000000,2026,1,3,March,21
20260322,2026-03-22 00:00:00.000000,2026,1,3,March,22
20260323,2026-03-23 00:00:00.000000,2026,1,3,March,23
20260324,2026-03-24 00:00:00.000000,2026,1,3,March,24
20260325,2026-03-25 00:00:00.000000,2026,1,3,March,25
20260326,2026-03-26 00:00:00.000000,2026,1,3,March,26
20260327,2026-03-27 00:00:00.000000,2026,1,3,March,27
20260328,2026-03-28 00:00:00.000000,2026,1,3,March,28
20260329,2026-03-29 00:00:00.000000,2026,1,3,March,29
20260330,2026-03-30 00:00:00.000000,2026,1,3,March,30
20260331,2026-03-31 00:00:00.000000,2026,1,3,March,31
20260401,2026-04-01 00:00:00.000000,2026,2,4,April,1
20260402,2026-04-02 00:00:00.000000,2026,2,4,April,2
20260403,2026-04-03 00:00:00.000000,2026,2,4,April,3
20260404,2026-04-04 00:00:00.000000,2026,2,4,April,4
20260405,2026-04-05 00:00:00.000000,2026,2,4,April,5
20260406,2026-04-06 00:00:00.000000,2026,2,4,April,6
20260407,2026-04-07 00:00:00.000000,2026,2,4,April,7
20260408,2026-04-08 00:00:00.000000,2026,2,4,April,8
20260409,2026-04-09 00:00:00.000000,2026,2,4,April,9
20260410,2026-04-10 00:00:00.000000,2026,2,4,April,10
20260411,2026-04-11 00:00:00.000000,2026,2,4,April,11
20260412,2026-04-12 00:00:00.000000,2026,2,4,April,12
20260413,2026-04-13 00:00:00.000000,2026,2,4,April,13
20260414,2026-04-14 00:00:00.000000,2026,2,4,April,14
20260415,2026-04-15 00:00:00.000000,2026,2,4,April,15
20260416,2026-04-16 00:00:00.000000,2026,2,4,April,16
20260417,2026-04-17 00:00:00.000000,2026,2,4,April,17
20260418,2026-04-18 00:00:00.000000,2026,2,4,April,18
20260419,2026-04-19 00:00:00.000000,2026,2,4,April,19
20260420,2026-04-20 00:00:00.000000,2026,2,4,April,20
20260421,2026-04-21 00:00:00.000000,2026,2,4,April,21
20260422,2026-04-22 00:00:00.000000,2026,2,4,April,22
20260423,2026-04-23 00:00:00.000000,2026,2,4,April,23
20260424,2026-04-24 00:00:00.000000,2026,2,4,April,24
20260425,2026-04-25 00:00:00.000000,2026,2,4,April,25
20260426,2026-04-26 00:00:00.000000,2026,2,4,April,26
20260427,2026-04-27 00:00:00.000000,2026,2,4,April,27
20260428,2026-04-28 00:00:00.000000,2026,2,4,April,28
20260429,2026-04-29 00:00:00.000000,2026,2,4,April,29
20260430,2026-04-30 00:00:00.000000,2026,2,4,April,30
20260501,2026-05-01 00:00:00.000000,2026,2,5,May,1
20260502,2026-05-02 00:00:00.000000,2026,2,5,May,2
20260503,2026-05-03 00:00:00.000000,2026,2,5,May,3
20260504,2026-05-04 00:00:00.000000,2026,2,5,May,4
20260505,2026-05-05 00:00:00.000000,2026,2,5,May,5
20260506,2026-05-06 00:00:00.000000,2026,2,5,May,6
20260507,2026-05-07 00:00:00.000000,2026,2,5,May,7
20260508,2026-05-08 00:00:00.000000,2026,2,5,May,8
20260509,2026-05-09 00:00:00.000000,2026,2,5,May,9
20260510,2026-05-10 00:00:00.000000,2026,2,5,May,10
20260511,2026-05-11 00:00:00.000000,2026,2,5,May,11
20260512,2026-05-12 00:00:00.000000,2026,2,5,May,12
20260513,2026-05-13 00:00:00.000000,2026,2,5,May,13
20260514,2026-05-14 00:00:00.000000,2026,2,5,May,14
20260515,2026-05-15 00:00:00.000000,2026,2,5,May,15
20260516,2026-05-16 00:00:00.000000,2026,2,5,May,16
20260517,2026-05-17 00:00:00.000000,2026,2,5,May,17
20260518,2026-05-18 00:00:00.000000,2026,2,5,May,18
20260519,2026-05-19 00:00:00.000000,2026,2,5,May,19
20260520,2026-05-20 00:00:00.000000,2026,2,5,May,20
20260521,2026-05-21 00:00:00.000000,2026,2,5,May,21
20260522,2026-05-22 00:00:00.000000,2026,2,5,May,22
20260523,2026-05-23 00:00:00.000000,2026,2,5,May,23
20260524,2026-05-24 00:00:00.000000,2026,2,5,May,24
20260525,2026-05-25 00:00:00.000000,2026,2,5,May,25
20260526,2026-05-26 00:00:00.000000,2026,2,5,May,26
20260527,2026-05-27 00:00:00.000000,2026,2,5,May,27
20260528,2026-05-28 00:00:00.000000,2026,2,5,May,28
20260529,2026-05-29 00:00:00.000000,2026,2,5,May,29
