investor_id,avg_gap_days,max_gap_days,first_sip_date,last_sip_date,sip_transaction_count,sip_status
INV000004,85.4,265.0,2024-03-16,2025-05-17,6,At-risk
INV000008,70.4,165.0,2024-05-27,2025-05-14,6,At-risk
INV000010,64.8,139.0,2024-04-11,2025-03-01,6,At-risk
INV000011,40.166666666666664,125.0,2024-01-03,2024-08-31,7,At-risk
INV000012,57.0,132.0,2024-03-27,2025-04-30,8,At-risk
INV000013,55.333333333333336,104.0,2024-04-18,2025-03-16,7,At-risk
INV000014,75.33333333333333,128.0,2024-02-23,2025-05-20,7,At-risk
INV000023,58.57142857142857,115.0,2024-03-21,2025-05-05,8,At-risk
INV000028,93.6,238.0,2024-02-07,2025-05-20,6,At-risk
INV000029,60.666666666666664,96.0,2024-05-16,2025-05-15,7,At-risk
INV000030,47.625,100.0,2024-02-19,2025-03-06,9,At-risk
INV000033,45.57142857142857,87.0,2024-06-24,2025-05-09,8,At-risk
INV000039,68.6,129.0,2024-04-27,2025-04-05,6,At-risk
INV000045,70.6,109.0,2024-03-13,2025-03-01,6,At-risk
INV000048,46.0,168.0,2024-03-27,2025-03-30,9,At-risk
INV000052,36.2,120.0,2024-03-31,2024-09-28,6,At-risk
INV000056,74.8,161.0,2024-01-10,2025-01-18,6,At-risk
INV000057,49.714285714285715,149.0,2024-04-30,2025-04-13,8,At-risk
INV000069,49.111111111111114,129.0,2024-02-14,2025-05-01,10,At-risk
INV000072,83.0,247.0,2024-03-24,2025-05-13,6,At-risk
INV000073,48.25,112.0,2024-03-20,2025-04-10,9,At-risk
INV000074,72.57142857142857,191.0,2024-01-08,2025-05-30,8,At-risk
INV000075,74.8,102.0,2024-05-01,2025-05-10,6,At-risk
INV000076,91.8,203.0,2024-02-06,2025-05-10,6,At-risk
INV000079,65.8,90.0,2024-06-02,2025-04-27,6,At-risk
INV000081,81.33333333333333,167.0,2024-01-01,2025-05-03,7,At-risk
INV000082,83.66666666666667,351.0,2024-01-09,2025-05-25,7,At-risk
INV000086,44.666666666666664,167.0,2024-02-05,2025-03-13,10,At-risk
INV000087,92.8,202.0,2024-02-20,2025-05-29,6,At-risk
INV000091,44.0,105.0,2024-01-04,2024-11-07,8,At-risk
INV000093,55.5,91.0,2024-01-30,2024-12-28,7,At-risk
INV000094,44.8,95.0,2024-04-04,2024-11-14,6,At-risk
INV000095,69.4,155.0,2024-04-19,2025-04-01,6,At-risk
INV000097,54.5,183.0,2024-05-10,2025-04-02,7,At-risk
INV000101,65.0,197.0,2024-02-08,2025-05-08,8,At-risk
INV000102,65.28571428571429,109.0,2024-02-11,2025-05-13,8,At-risk
INV000103,83.4,232.0,2024-02-08,2025-03-31,6,At-risk
INV000105,57.0,87.0,2024-01-02,2025-02-04,8,At-risk
INV000109,46.25,63.0,2024-02-29,2025-03-05,9,At-risk
INV000113,46.0,144.0,2024-02-11,2024-12-29,8,At-risk
INV000123,59.666666666666664,142.0,2024-03-28,2025-03-21,7,At-risk
INV000128,82.0,181.0,2024-03-19,2025-05-03,6,At-risk
INV000131,56.0,123.0,2024-04-05,2025-03-07,7,At-risk
INV000132,71.0,139.0,2024-05-12,2025-05-02,6,At-risk
INV000133,88.2,265.0,2024-02-15,2025-05-01,6,At-risk
INV000138,76.2,220.0,2024-05-06,2025-05-22,6,At-risk
INV000145,89.4,282.0,2024-02-17,2025-05-09,6,At-risk
INV000146,66.8,171.0,2024-02-12,2025-01-11,6,At-risk
INV000148,52.0,168.0,2024-03-11,2025-05-01,9,At-risk
INV000155,37.333333333333336,99.0,2024-06-18,2025-01-28,7,At-risk
INV000161,73.0,213.0,2024-02-23,2025-05-06,7,At-risk
INV000163,61.0,80.0,2024-01-06,2025-03-08,8,At-risk
INV000164,61.8,208.0,2024-04-17,2025-02-20,6,At-risk
INV000169,67.83333333333333,145.0,2024-03-17,2025-04-28,7,At-risk
INV000173,57.666666666666664,165.0,2024-04-18,2025-03-30,7,At-risk
INV000175,83.66666666666667,170.0,2024-01-12,2025-05-28,7,At-risk
INV000177,65.42857142857143,278.0,2024-01-16,2025-04-18,8,At-risk
INV000180,61.8,229.0,2024-05-07,2025-03-12,6,At-risk
INV000183,56.125,216.0,2024-02-20,2025-05-14,9,At-risk
INV000191,56.5,161.0,2024-04-12,2025-03-17,7,At-risk
INV000194,58.0,109.0,2024-05-23,2025-05-06,7,At-risk
INV000195,77.4,114.0,2024-04-08,2025-04-30,6,At-risk
INV000196,69.0,176.0,2024-03-17,2025-05-05,7,At-risk
INV000201,51.125,100.0,2024-01-17,2025-03-01,9,At-risk
INV000205,62.57142857142857,193.0,2024-01-27,2025-04-09,8,At-risk
INV000210,70.71428571428571,163.0,2024-01-14,2025-05-23,8,At-risk
INV000214,94.8,306.0,2024-01-11,2025-04-29,6,At-risk
INV000217,92.0,183.0,2024-02-04,2025-05-09,6,At-risk
INV000228,59.75,188.0,2024-01-10,2025-05-02,9,At-risk
INV000236,67.14285714285714,112.0,2024-01-18,2025-05-02,8,At-risk
INV000238,93.6,287.0,2024-02-08,2025-05-21,6,At-risk
INV000239,48.857142857142854,105.0,2024-04-16,2025-03-24,8,At-risk
INV000243,88.2,137.0,2024-01-25,2025-04-10,6,At-risk
INV000245,92.2,164.0,2024-02-08,2025-05-14,6,At-risk
INV000249,45.5,162.0,2024-04-09,2025-01-07,7,At-risk
INV000252,50.4,96.0,2024-01-25,2024-10-03,6,At-risk
INV000255,48.6,103.0,2024-03-05,2024-11-03,6,At-risk
INV000256,70.2,155.0,2024-03-02,2025-02-16,6,At-risk
INV000259,70.6,165.0,2024-01-25,2025-01-12,6,At-risk
INV000260,59.57142857142857,206.0,2024-01-08,2025-02-28,8,At-risk
INV000262,53.57142857142857,122.0,2024-04-18,2025-04-28,8,At-risk
INV000263,68.42857142857143,271.0,2024-01-11,2025-05-04,8,At-risk
INV000265,53.44444444444444,140.0,2024-01-25,2025-05-20,10,At-risk
INV000268,62.333333333333336,143.0,2024-01-22,2025-01-30,7,At-risk
INV000279,43.375,133.0,2024-03-01,2025-02-11,9,At-risk
INV000280,55.75,191.0,2024-01-22,2025-04-12,9,At-risk
INV000283,68.0,195.0,2024-02-11,2025-01-16,6,At-risk
INV000287,69.83333333333333,301.0,2024-01-17,2025-03-11,7,At-risk
INV000289,62.714285714285715,142.0,2024-01-21,2025-04-04,8,At-risk
INV000291,89.0,196.0,2024-02-13,2025-05-03,6,At-risk
INV000292,46.0,95.0,2024-05-13,2025-02-13,7,At-risk
INV000293,47.0,91.0,2024-01-09,2024-10-17,7,At-risk
INV000297,90.6,163.0,2024-02-01,2025-04-29,6,At-risk
INV000299,85.2,240.0,2024-03-22,2025-05-22,6,At-risk
INV000304,70.0,204.0,2024-02-01,2025-03-27,7,At-risk
INV000309,52.0,157.0,2024-01-08,2025-01-06,8,At-risk
INV000310,75.83333333333333,164.0,2024-02-25,2025-05-25,7,At-risk
INV000318,97.4,175.0,2024-01-29,2025-05-30,6,At-risk
INV000319,73.5,201.0,2024-02-17,2025-05-03,7,At-risk
INV000321,72.83333333333333,204.0,2024-01-03,2025-03-15,7,At-risk
INV000328,37.5,73.0,2024-03-09,2025-01-03,9,At-risk
INV000331,50.714285714285715,163.0,2024-01-23,2025-01-12,8,At-risk
INV000334,25.5,60.0,2024-07-06,2024-12-06,7,Regular
INV000335,96.0,279.0,2024-01-25,2025-05-19,6,At-risk
INV000339,94.0,195.0,2024-02-15,2025-05-30,6,At-risk
INV000341,54.42857142857143,191.0,2024-02-18,2025-03-05,8,At-risk
INV000356,54.4,157.0,2024-06-13,2025-03-12,6,At-risk
INV000359,54.125,197.0,2024-02-19,2025-04-27,9,At-risk
INV000363,77.0,153.0,2024-02-12,2025-05-19,7,At-risk
INV000369,43.8,112.0,2024-03-06,2024-10-11,6,At-risk
INV000371,59.285714285714285,147.0,2024-01-18,2025-03-08,8,At-risk
INV000372,54.5,121.0,2024-03-03,2025-01-24,7,At-risk
INV000380,97.0,272.0,2024-01-18,2025-05-17,6,At-risk
INV000388,53.625,119.0,2024-02-27,2025-05-01,9,At-risk
INV000392,77.16666666666667,205.0,2024-02-10,2025-05-18,7,At-risk
INV000395,55.666666666666664,119.0,2024-04-13,2025-03-13,7,At-risk
INV000396,83.2,153.0,2024-01-24,2025-03-15,6,At-risk
INV000399,49.55555555555556,68.0,2024-01-08,2025-03-29,10,At-risk
INV000400,62.6,101.0,2024-05-01,2025-03-10,6,At-risk
INV000403,58.2,90.0,2024-05-30,2025-03-17,6,At-risk
INV000407,82.4,157.0,2024-02-03,2025-03-21,6,At-risk
INV000408,46.8,125.0,2024-04-15,2024-12-05,6,At-risk
INV000412,43.714285714285715,70.0,2024-07-06,2025-05-08,8,At-risk
INV000414,66.28571428571429,233.0,2024-01-12,2025-04-20,8,At-risk
INV000415,66.16666666666667,128.0,2024-03-30,2025-05-01,7,At-risk
INV000418,86.8,238.0,2024-01-16,2025-03-25,6,At-risk
INV000427,68.5,116.0,2024-02-04,2025-03-21,7,At-risk
INV000428,52.142857142857146,164.0,2024-01-01,2024-12-31,8,At-risk
INV000429,77.2,187.0,2024-01-22,2025-02-11,6,At-risk
INV000437,97.8,295.0,2024-01-01,2025-05-04,6,At-risk
INV000440,69.57142857142857,162.0,2024-01-17,2025-05-18,8,At-risk
INV000441,60.8,151.0,2024-06-28,2025-04-28,6,At-risk
INV000444,73.2,129.0,2024-04-26,2025-04-27,6,At-risk
INV000445,57.75,129.0,2024-01-24,2025-04-30,9,At-risk
INV000446,38.6,101.0,2024-02-13,2024-08-24,6,At-risk
INV000449,46.8,70.0,2024-06-13,2025-02-02,6,At-risk
INV000452,49.375,123.0,2024-03-09,2025-04-08,9,At-risk
INV000457,91.4,256.0,2024-02-25,2025-05-27,6,At-risk
INV000460,43.4,107.0,2024-03-02,2024-10-05,6,At-risk
INV000463,65.16666666666667,181.0,2024-01-09,2025-02-03,7,At-risk
INV000466,73.33333333333333,135.0,2024-01-26,2025-04-10,7,At-risk
INV000467,56.666666666666664,272.0,2024-01-01,2025-05-25,10,At-risk
INV000469,70.5,183.0,2024-03-30,2025-05-27,7,At-risk
INV000483,70.42857142857143,252.0,2024-01-18,2025-05-25,8,At-risk
INV000491,95.0,202.0,2024-02-02,2025-05-22,6,At-risk
INV000493,47.55555555555556,201.0,2024-03-01,2025-05-03,10,At-risk
INV000497,71.83333333333333,191.0,2024-03-23,2025-05-28,7,At-risk
INV000499,77.83333333333333,157.0,2024-01-28,2025-05-09,7,At-risk
INV000507,70.16666666666667,249.0,2024-02-27,2025-04-23,7,At-risk
INV000512,54.75,112.0,2024-02-18,2025-05-01,9,At-risk
INV000522,100.8,309.0,2024-01-12,2025-05-30,6,At-risk
INV000524,55.0,91.0,2024-06-19,2025-05-15,7,At-risk
INV000527,50.8,116.0,2024-09-07,2025-05-19,6,At-risk
INV000529,59.2,110.0,2024-06-08,2025-03-31,6,At-risk
INV000531,47.0,82.0,2024-07-19,2025-04-27,7,At-risk
INV000539,77.0,153.0,2024-01-26,2025-05-02,7,At-risk
INV000540,73.5,123.0,2024-02-19,2025-05-05,7,At-risk
INV000543,83.66666666666667,218.0,2024-01-11,2025-05-27,7,At-risk
INV000545,80.6,181.0,2024-03-27,2025-05-04,6,At-risk
INV000546,55.0,154.0,2024-01-14,2025-03-29,9,At-risk
INV000547,55.8,140.0,2024-03-15,2024-12-19,6,At-risk
INV000549,96.2,146.0,2024-01-19,2025-05-14,6,At-risk
INV000553,72.0,172.0,2024-04-22,2025-04-17,6,At-risk
INV000554,70.2,171.0,2024-02-18,2025-02-03,6,At-risk
INV000556,52.42857142857143,156.0,2024-03-07,2025-03-09,8,At-risk
INV000562,74.4,197.0,2024-03-08,2025-03-15,6,At-risk
INV000563,76.33333333333333,198.0,2024-02-13,2025-05-16,7,At-risk
INV000566,35.0,119.0,2024-08-24,2025-03-22,7,Regular
INV000567,63.8,166.0,2024-05-14,2025-03-29,6,At-risk
INV000568,62.4,180.0,2024-03-13,2025-01-19,6,At-risk
INV000570,67.28571428571429,186.0,2024-02-12,2025-05-28,8,At-risk
INV000573,50.833333333333336,154.0,2024-01-27,2024-11-27,7,At-risk
INV000575,71.6,155.0,2024-03-17,2025-03-10,6,At-risk
INV000578,66.83333333333333,164.0,2024-04-21,2025-05-27,7,At-risk
INV000581,78.33333333333333,160.0,2024-01-30,2025-05-14,7,At-risk
INV000586,44.5,111.0,2024-01-23,2024-10-16,7,At-risk
INV000589,59.125,90.0,2024-02-01,2025-05-19,9,At-risk
INV000591,64.5,112.0,2024-04-15,2025-05-07,7,At-risk
INV000593,74.2,179.0,2024-03-27,2025-04-02,6,At-risk
INV000596,51.75,140.0,2024-02-01,2025-03-21,9,At-risk
INV000597,88.6,198.0,2024-02-03,2025-04-21,6,At-risk
INV000599,81.5,171.0,2024-01-13,2025-05-16,7,At-risk
INV000607,66.66666666666667,209.0,2024-01-14,2025-02-17,7,At-risk
INV000608,100.2,324.0,2024-01-09,2025-05-24,6,At-risk
INV000609,47.0,87.0,2024-01-01,2024-08-23,6,At-risk
INV000612,49.3,169.0,2024-01-16,2025-05-23,11,At-risk
INV000615,55.833333333333336,139.0,2024-03-15,2025-02-13,7,At-risk
INV000624,31.666666666666668,53.0,2024-01-31,2024-08-08,7,Regular
INV000625,86.4,134.0,2024-03-22,2025-05-28,6,At-risk
INV000630,68.66666666666667,161.0,2024-01-31,2025-03-18,7,At-risk
INV000631,54.0,145.0,2024-03-06,2024-12-01,6,At-risk
INV000634,52.25,147.0,2024-01-22,2025-03-15,9,At-risk
INV000635,75.0,240.0,2024-03-13,2025-03-23,6,At-risk
INV000641,54.8,126.0,2024-08-03,2025-05-04,6,At-risk
INV000642,53.5,139.0,2024-03-19,2025-05-21,9,At-risk
INV000645,66.0,127.0,2024-02-12,2025-01-07,6,At-risk
INV000646,62.333333333333336,138.0,2024-05-17,2025-05-26,7,At-risk
INV000651,94.0,304.0,2024-01-20,2025-05-04,6,At-risk
INV000652,93.8,262.0,2024-02-09,2025-05-23,6,At-risk
INV000657,64.71428571428571,106.0,2024-01-28,2025-04-25,8,At-risk
INV000662,66.14285714285714,185.0,2024-01-02,2025-04-09,8,At-risk
INV000663,94.4,247.0,2024-01-04,2025-04-20,6,At-risk
INV000665,36.22222222222222,148.0,2024-05-22,2025-04-13,10,At-risk
INV000667,68.0,134.0,2024-05-21,2025-04-26,6,At-risk
INV000673,92.8,235.0,2024-01-13,2025-04-21,6,At-risk
INV000675,62.8,155.0,2024-06-09,2025-04-19,6,At-risk
INV000676,35.3,106.0,2024-05-10,2025-04-28,11,At-risk
INV000678,63.333333333333336,140.0,2024-04-12,2025-04-27,7,At-risk
INV000683,54.5,137.0,2024-01-08,2025-03-19,9,At-risk
INV000690,56.285714285714285,134.0,2024-04-23,2025-05-22,8,At-risk
INV000691,66.4,163.0,2024-01-27,2024-12-24,6,At-risk
INV000698,52.25,219.0,2024-02-20,2025-04-13,9,At-risk
INV000699,42.8,147.0,2024-03-27,2024-10-27,6,At-risk
INV000701,83.66666666666667,298.0,2024-01-13,2025-05-29,7,At-risk
INV000707,34.375,106.0,2024-08-07,2025-05-09,9,Regular
INV000709,65.16666666666667,128.0,2024-02-07,2025-03-04,7,At-risk
INV000710,88.6,264.0,2024-02-27,2025-05-15,6,At-risk
INV000714,37.0,95.0,2024-06-07,2025-03-30,9,At-risk
INV000718,57.833333333333336,118.0,2024-01-16,2024-12-28,7,At-risk
INV000719,72.83333333333333,185.0,2024-02-29,2025-05-11,7,At-risk
INV000724,81.2,227.0,2024-04-11,2025-05-22,6,At-risk
INV000725,67.66666666666667,92.0,2024-03-14,2025-04-24,7,At-risk
INV000734,64.0,180.0,2024-02-22,2025-05-15,8,At-risk
INV000737,92.6,168.0,2024-01-31,2025-05-08,6,At-risk
INV000747,84.6,205.0,2024-01-25,2025-03-23,6,At-risk
INV000750,26.5,84.0,2024-08-03,2025-03-03,9,Regular
INV000751,53.0,193.0,2024-03-29,2025-05-27,9,At-risk
INV000754,72.33333333333333,103.0,2024-03-02,2025-05-10,7,At-risk
INV000759,83.0,156.0,2024-01-08,2025-05-20,7,At-risk
INV000761,75.16666666666667,173.0,2024-02-26,2025-05-22,7,At-risk
INV000768,60.0,124.0,2024-01-17,2025-03-12,8,At-risk
INV000772,46.0,81.0,2024-06-15,2025-01-31,6,At-risk
INV000774,73.66666666666667,169.0,2024-02-16,2025-05-03,7,At-risk
INV000776,59.42857142857143,116.0,2024-03-07,2025-04-27,8,At-risk
INV000777,66.0,121.0,2024-03-05,2025-01-29,6,At-risk
INV000778,59.714285714285715,182.0,2024-03-22,2025-05-14,8,At-risk
INV000779,75.0,153.0,2024-03-21,2025-03-31,6,At-risk
INV000783,89.8,187.0,2024-02-14,2025-05-08,6,At-risk
INV000785,32.6,66.0,2024-10-10,2025-03-22,6,Regular
INV000786,64.125,199.0,2024-01-01,2025-05-28,9,At-risk
INV000789,55.142857142857146,225.0,2024-02-29,2025-03-21,8,At-risk
INV000793,69.14285714285714,149.0,2024-01-14,2025-05-12,8,At-risk
INV000803,77.16666666666667,147.0,2024-01-04,2025-04-11,7,At-risk
INV000814,94.0,195.0,2024-01-15,2025-04-29,6,At-risk
INV000822,55.5,141.0,2024-02-02,2024-12-31,7,At-risk
INV000823,39.666666666666664,69.0,2024-02-21,2024-10-16,7,At-risk
INV000827,58.285714285714285,122.0,2024-04-05,2025-05-18,8,At-risk
INV000830,72.2,165.0,2024-04-21,2025-04-17,6,At-risk
INV000833,67.28571428571429,182.0,2024-01-08,2025-04-23,8,At-risk
INV000836,84.8,123.0,2024-01-01,2025-02-28,6,At-risk
INV000843,55.6,102.0,2024-05-01,2025-02-03,6,At-risk
INV000844,66.16666666666667,151.0,2024-02-09,2025-03-12,7,At-risk
INV000847,47.8,75.0,2024-05-28,2025-01-22,6,At-risk
INV000853,49.333333333333336,193.0,2024-01-22,2025-04-10,10,At-risk
INV000854,61.25,170.0,2024-01-05,2025-05-09,9,At-risk
INV000858,44.875,157.0,2024-04-27,2025-04-21,9,At-risk
INV000862,91.2,372.0,2024-02-13,2025-05-14,6,At-risk
INV000864,40.8,106.0,2024-01-16,2024-08-07,6,At-risk
INV000865,45.75,99.0,2024-04-15,2025-04-16,9,At-risk
INV000869,65.4,100.0,2024-02-27,2025-01-19,6,At-risk
INV000873,73.5,299.0,2024-02-09,2025-04-25,7,At-risk
INV000874,62.125,149.0,2024-01-04,2025-05-15,9,At-risk
INV000877,59.4,159.0,2024-06-21,2025-04-14,6,At-risk
INV000881,46.111111111111114,155.0,2024-01-10,2025-02-28,10,At-risk
INV000887,65.66666666666667,268.0,2024-01-28,2025-02-25,7,At-risk
INV000888,80.33333333333333,166.0,2024-01-27,2025-05-23,7,At-risk
INV000893,59.5,147.0,2024-02-05,2025-01-27,7,At-risk
INV000894,55.0,105.0,2024-07-26,2025-04-27,6,At-risk
INV000901,54.0,95.0,2024-05-23,2025-02-17,6,At-risk
INV000907,59.2,139.0,2024-04-08,2025-01-29,6,At-risk
INV000920,75.6,220.0,2024-01-31,2025-02-12,6,At-risk
INV000926,80.0,111.0,2024-01-05,2025-02-08,6,At-risk
INV000929,58.166666666666664,116.0,2024-03-28,2025-03-12,7,At-risk
INV000930,32.42857142857143,118.0,2024-07-19,2025-03-03,8,Regular
INV000935,30.875,73.0,2024-02-12,2024-10-16,9,Regular
INV000939,60.57142857142857,154.0,2024-02-23,2025-04-22,8,At-risk
INV000942,53.0,92.0,2024-03-09,2025-01-21,7,At-risk
INV000949,67.5,135.0,2024-04-03,2025-05-13,7,At-risk
INV000950,91.0,215.0,2024-02-26,2025-05-26,6,At-risk
INV000971,46.833333333333336,139.0,2024-08-08,2025-05-16,7,At-risk
INV000974,73.5,143.0,2024-01-06,2025-03-22,7,At-risk
INV000977,48.77777777777778,147.0,2024-01-13,2025-03-27,10,At-risk
INV000979,79.8,115.0,2024-04-08,2025-05-12,6,At-risk
INV000980,44.42857142857143,121.0,2024-04-26,2025-03-03,8,At-risk
INV000981,50.4,104.0,2024-09-11,2025-05-21,6,At-risk
INV000986,60.833333333333336,182.0,2024-02-28,2025-02-27,7,At-risk
INV000994,63.8,167.0,2024-02-20,2025-01-04,6,At-risk
INV001001,60.285714285714285,137.0,2024-02-15,2025-04-12,8,At-risk
INV001002,41.666666666666664,85.0,2024-04-01,2024-12-07,7,At-risk
INV001005,93.6,206.0,2024-02-07,2025-05-20,6,At-risk
INV001008,64.66666666666667,191.0,2024-02-16,2025-03-10,7,At-risk
INV001013,96.8,164.0,2024-01-09,2025-05-07,6,At-risk
INV001017,67.0,142.0,2024-03-18,2025-02-16,6,At-risk
INV001019,44.875,180.0,2024-02-19,2025-02-12,9,At-risk
INV001021,68.66666666666667,186.0,2024-01-08,2025-02-23,7,At-risk
INV001023,72.42857142857143,202.0,2024-01-01,2025-05-22,8,At-risk
INV001025,38.8,76.0,2024-07-19,2025-01-29,6,At-risk
INV001026,69.4,132.0,2024-02-04,2025-01-16,6,At-risk
INV001037,42.0,86.0,2024-02-26,2025-03-10,10,At-risk
INV001039,66.2,187.0,2024-04-10,2025-03-07,6,At-risk
INV001041,83.0,195.0,2024-01-01,2025-05-13,7,At-risk
INV001047,66.16666666666667,142.0,2024-04-24,2025-05-26,7,At-risk
INV001048,47.0,84.0,2024-03-19,2025-02-11,8,At-risk
INV001051,54.142857142857146,139.0,2024-04-02,2025-04-16,8,At-risk
INV001053,55.857142857142854,116.0,2024-02-18,2025-03-15,8,At-risk
INV001055,93.2,177.0,2024-01-14,2025-04-24,6,At-risk
INV001060,53.375,89.0,2024-01-19,2025-03-21,9,At-risk
INV001061,51.125,141.0,2024-02-19,2025-04-03,9,At-risk
INV001063,43.285714285714285,120.0,2024-02-17,2024-12-16,8,At-risk
INV001064,59.5,160.0,2024-01-09,2025-04-29,9,At-risk
INV001069,41.285714285714285,98.0,2024-06-02,2025-03-18,8,At-risk
INV001070,97.0,329.0,2024-01-05,2025-05-04,6,At-risk
INV001092,77.33333333333333,186.0,2024-02-04,2025-05-13,7,At-risk
INV001099,26.142857142857142,63.0,2024-07-28,2025-01-27,8,Regular
INV001102,55.333333333333336,87.0,2024-02-06,2025-01-03,7,At-risk
INV001115,81.4,290.0,2024-03-07,2025-04-18,6,At-risk
INV001116,58.125,194.0,2024-02-17,2025-05-27,9,At-risk
INV001117,61.714285714285715,137.0,2024-02-23,2025-04-30,8,At-risk
INV001130,76.83333333333333,131.0,2024-02-08,2025-05-14,7,At-risk
INV001137,57.0,120.0,2024-02-29,2025-02-05,7,At-risk
INV001140,60.4,125.0,2024-04-29,2025-02-25,6,At-risk
INV001141,97.6,132.0,2024-01-27,2025-05-29,6,At-risk
INV001142,42.833333333333336,106.0,2024-04-27,2025-01-09,7,At-risk
INV001156,102.4,175.0,2024-01-02,2025-05-28,6,At-risk
INV001160,57.57142857142857,99.0,2024-04-02,2025-05-10,8,At-risk
INV001161,80.6,159.0,2024-01-23,2025-03-01,6,At-risk
INV001163,67.33333333333333,255.0,2024-01-30,2025-03-09,7,At-risk
INV001167,96.2,207.0,2024-01-03,2025-04-28,6,At-risk
INV001170,68.2,119.0,2024-03-03,2025-02-07,6,At-risk
INV001173,67.0,146.0,2024-05-28,2025-04-28,6,At-risk
INV001178,79.66666666666667,140.0,2024-01-31,2025-05-23,7,At-risk
INV001180,74.4,198.0,2024-03-30,2025-04-06,6,At-risk
INV001181,67.42857142857143,163.0,2024-02-12,2025-05-29,8,At-risk
INV001190,97.0,198.0,2024-01-04,2025-05-03,6,At-risk
INV001195,53.42857142857143,167.0,2024-03-16,2025-03-25,8,At-risk
INV001196,92.2,169.0,2024-02-20,2025-05-26,6,At-risk
INV001202,58.0,103.0,2024-04-09,2025-05-20,8,At-risk
INV001206,83.6,190.0,2024-04-05,2025-05-28,6,At-risk
INV001208,51.833333333333336,107.0,2024-03-13,2025-01-18,7,At-risk
INV001210,36.875,93.0,2024-03-04,2024-12-24,9,At-risk
INV001217,60.142857142857146,205.0,2024-02-29,2025-04-25,8,At-risk
INV001219,50.857142857142854,118.0,2024-03-04,2025-02-23,8,At-risk
INV001220,77.16666666666667,104.0,2024-01-08,2025-04-15,7,At-risk
INV001223,70.83333333333333,175.0,2024-01-27,2025-03-27,7,At-risk
INV001234,60.57142857142857,119.0,2024-01-27,2025-03-26,8,At-risk
INV001235,59.0,161.0,2024-02-03,2025-05-20,9,At-risk
INV001237,98.0,182.0,2024-01-18,2025-05-22,6,At-risk
INV001238,68.5,220.0,2024-03-27,2025-05-12,7,At-risk
INV001242,69.8,128.0,2024-01-19,2025-01-02,6,At-risk
INV001251,82.0,223.0,2024-02-11,2025-03-27,6,At-risk
INV001262,44.833333333333336,116.0,2024-07-06,2025-04-01,7,At-risk
INV001274,73.33333333333333,161.0,2024-03-06,2025-05-20,7,At-risk
INV001275,66.66666666666667,140.0,2024-02-11,2025-03-17,7,At-risk
INV001282,67.0,196.0,2024-06-18,2025-05-19,6,At-risk
INV001287,92.2,157.0,2024-01-09,2025-04-14,6,At-risk
INV001288,45.666666666666664,148.0,2024-04-08,2025-01-07,7,At-risk
INV001291,76.2,181.0,2024-03-27,2025-04-12,6,At-risk
INV001295,50.75,165.0,2024-01-05,2025-02-14,9,At-risk
INV001298,71.83333333333333,158.0,2024-03-14,2025-05-19,7,At-risk
INV001299,51.25,121.0,2024-02-26,2025-04-11,9,At-risk
INV001304,97.6,177.0,2024-01-06,2025-05-08,6,At-risk
INV001308,54.625,147.0,2024-01-29,2025-04-10,9,At-risk
INV001310,81.2,232.0,2024-02-03,2025-03-15,6,At-risk
INV001314,50.44444444444444,130.0,2024-02-03,2025-05-02,10,At-risk
INV001315,51.833333333333336,124.0,2024-02-09,2024-12-16,7,At-risk
INV001316,92.4,198.0,2024-02-05,2025-05-12,6,At-risk
INV001317,84.8,162.0,2024-01-24,2025-03-23,6,At-risk
INV001318,46.22222222222222,150.0,2024-01-27,2025-03-18,10,At-risk
INV001326,69.42857142857143,182.0,2024-01-29,2025-05-29,8,At-risk
INV001329,68.2,97.0,2024-03-22,2025-02-26,6,At-risk
INV001331,94.2,202.0,2024-01-04,2025-04-19,6,At-risk
INV001332,80.0,179.0,2024-02-03,2025-05-28,7,At-risk
INV001333,78.66666666666667,185.0,2024-01-08,2025-04-24,7,At-risk
INV001336,65.85714285714286,198.0,2024-02-10,2025-05-16,8,At-risk
INV001348,47.833333333333336,121.0,2024-03-07,2024-12-19,7,At-risk
INV001351,70.5,208.0,2024-01-26,2025-03-24,7,At-risk
INV001355,60.2,187.0,2024-06-03,2025-03-31,6,At-risk
INV001356,79.2,191.0,2024-03-05,2025-04-05,6,At-risk
INV001359,72.5,313.0,2024-03-10,2025-05-19,7,At-risk
INV001361,50.5,103.0,2024-01-28,2024-11-26,7,At-risk
INV001367,99.0,222.0,2024-01-03,2025-05-12,6,At-risk
INV001375,78.5,176.0,2024-02-04,2025-05-20,7,At-risk
INV001376,78.66666666666667,181.0,2024-01-15,2025-05-01,7,At-risk
INV001383,56.142857142857146,117.0,2024-02-26,2025-03-25,8,At-risk
INV001387,57.25,130.0,2024-02-01,2025-05-04,9,At-risk
INV001394,63.57142857142857,171.0,2024-02-06,2025-04-26,8,At-risk
INV001400,76.8,266.0,2024-01-01,2025-01-19,6,At-risk
INV001401,68.6,197.0,2024-04-15,2025-03-24,6,At-risk
INV001406,47.666666666666664,202.0,2024-03-12,2025-05-15,10,At-risk
INV001407,45.2,141.0,2024-01-08,2024-08-21,6,At-risk
INV001415,68.14285714285714,173.0,2024-01-17,2025-05-08,8,At-risk
INV001418,88.6,187.0,2024-01-31,2025-04-18,6,At-risk
INV001419,85.8,137.0,2024-01-11,2025-03-15,6,At-risk
INV001423,48.57142857142857,105.0,2024-02-03,2025-01-08,8,At-risk
INV001428,79.4,174.0,2024-04-17,2025-05-19,6,At-risk
INV001432,71.4,175.0,2024-02-14,2025-02-05,6,At-risk
INV001434,80.6,178.0,2024-04-09,2025-05-17,6,At-risk
INV001442,57.125,238.0,2024-02-21,2025-05-23,9,At-risk
INV001454,73.0,176.0,2024-01-03,2025-03-16,7,At-risk
INV001455,64.71428571428571,153.0,2024-01-10,2025-04-07,8,At-risk
INV001457,43.8,63.0,2024-01-21,2024-08-27,6,At-risk
INV001458,59.833333333333336,101.0,2024-02-01,2025-01-25,7,At-risk
INV001466,44.6,82.0,2024-02-25,2024-10-05,6,At-risk
INV001472,79.0,141.0,2024-01-10,2025-02-08,6,At-risk
INV001482,80.6,280.0,2024-04-10,2025-05-18,6,At-risk
INV001485,55.0,150.0,2024-02-05,2025-04-20,9,At-risk
INV001491,98.8,260.0,2024-01-07,2025-05-15,6,At-risk
INV001497,63.0,138.0,2024-01-01,2025-05-19,9,At-risk
INV001504,54.25,134.0,2024-03-21,2025-05-29,9,At-risk
INV001507,86.2,167.0,2024-02-01,2025-04-07,6,At-risk
INV001510,66.83333333333333,124.0,2024-03-05,2025-04-10,7,At-risk
INV001514,51.833333333333336,72.0,2024-02-27,2025-01-03,7,At-risk
INV001516,56.8,85.0,2024-07-31,2025-05-11,6,At-risk
INV001526,50.4,134.0,2024-02-17,2024-10-26,6,At-risk
INV001530,64.66666666666667,122.0,2024-01-14,2025-02-05,7,At-risk
INV001532,56.833333333333336,101.0,2024-03-07,2025-02-11,7,At-risk
INV001536,69.0,189.0,2024-01-04,2025-02-21,7,At-risk
INV001545,92.8,208.0,2024-01-29,2025-05-07,6,At-risk
INV001547,72.16666666666667,119.0,2024-02-28,2025-05-06,7,At-risk
INV001548,80.6,197.0,2024-03-20,2025-04-27,6,At-risk
INV001550,79.0,191.0,2024-02-01,2025-05-20,7,At-risk
INV001551,61.8,131.0,2024-07-01,2025-05-06,6,At-risk
INV001562,44.22222222222222,146.0,2024-03-01,2025-04-03,10,At-risk
INV001564,55.714285714285715,157.0,2024-03-23,2025-04-17,8,At-risk
INV001569,83.4,314.0,2024-03-03,2025-04-24,6,At-risk
INV001579,75.0,193.0,2024-01-04,2025-03-29,7,At-risk
INV001580,45.666666666666664,119.0,2024-07-23,2025-04-23,7,At-risk
INV001585,56.6,182.0,2024-04-12,2025-01-20,6,At-risk
INV001587,65.0,144.0,2024-04-10,2025-05-05,7,At-risk
INV001597,56.0,165.0,2024-06-19,2025-05-21,7,At-risk
INV001599,58.2,133.0,2024-01-15,2024-11-01,6,At-risk
INV001602,93.8,294.0,2024-01-07,2025-04-20,6,At-risk
INV001603,54.5,93.0,2024-02-06,2024-12-29,7,At-risk
INV001605,60.57142857142857,136.0,2024-01-08,2025-03-07,8,At-risk
INV001606,67.66666666666667,148.0,2024-04-08,2025-05-19,7,At-risk
INV001616,53.0,117.0,2024-01-29,2025-03-28,9,At-risk
INV001623,92.0,188.0,2024-01-27,2025-05-01,6,At-risk
INV001625,72.0,209.0,2024-02-16,2025-02-10,6,At-risk
INV001628,51.714285714285715,139.0,2024-05-27,2025-05-24,8,At-risk
INV001629,67.5,82.0,2024-03-28,2025-05-07,7,At-risk
INV001631,57.0,101.0,2024-07-04,2025-04-15,6,At-risk
INV001636,48.875,159.0,2024-01-05,2025-01-30,9,At-risk
INV001641,88.4,168.0,2024-01-19,2025-04-05,6,At-risk
INV001644,65.6,89.0,2024-05-04,2025-03-28,6,At-risk
INV001645,67.6,202.0,2024-03-15,2025-02-16,6,At-risk
INV001649,51.666666666666664,120.0,2024-02-07,2025-05-17,10,At-risk
INV001651,78.66666666666667,130.0,2024-01-05,2025-04-21,7,At-risk
INV001653,55.2,94.0,2024-02-18,2024-11-20,6,At-risk
INV001654,56.0,137.0,2024-02-17,2025-01-18,7,At-risk
INV001656,59.857142857142854,246.0,2024-02-18,2025-04-12,8,At-risk
INV001662,60.2,147.0,2024-01-22,2024-11-18,6,At-risk
INV001672,34.0,130.0,2024-03-30,2024-12-27,9,Regular
INV001673,49.3,181.0,2024-01-11,2025-05-18,11,At-risk
INV001680,58.875,200.0,2024-01-10,2025-04-25,9,At-risk
INV001683,72.5,186.0,2024-03-08,2025-05-17,7,At-risk
INV001689,83.6,153.0,2024-03-25,2025-05-17,6,At-risk
INV001690,81.16666666666667,114.0,2024-01-14,2025-05-15,7,At-risk
INV001691,82.0,254.0,2024-03-15,2025-04-29,6,At-risk
INV001694,66.14285714285714,144.0,2024-02-05,2025-05-13,8,At-risk
INV001697,62.5,287.0,2024-01-08,2025-05-22,9,At-risk
INV001699,83.2,183.0,2024-01-02,2025-02-21,6,At-risk
INV001709,51.8,84.0,2024-01-10,2024-09-25,6,At-risk
INV001711,65.83333333333333,189.0,2024-03-13,2025-04-12,7,At-risk
INV001712,66.6,144.0,2024-03-29,2025-02-25,6,At-risk
INV001715,68.28571428571429,188.0,2024-01-31,2025-05-23,8,At-risk
INV001718,84.0,237.0,2024-02-09,2025-04-04,6,At-risk
INV001724,69.66666666666667,134.0,2024-02-18,2025-04-11,7,At-risk
INV001728,50.57142857142857,131.0,2024-01-15,2025-01-03,8,At-risk
INV001737,56.833333333333336,191.0,2024-02-08,2025-01-14,7,At-risk
INV001738,47.5,153.0,2024-02-24,2025-03-10,9,At-risk
INV001739,52.5,96.0,2024-02-28,2025-04-23,9,At-risk
INV001741,89.4,260.0,2024-02-14,2025-05-06,6,At-risk
INV001744,78.5,155.0,2024-01-11,2025-04-26,7,At-risk
INV001752,69.33333333333333,170.0,2024-02-25,2025-04-16,7,At-risk
INV001753,42.8,128.0,2024-03-07,2025-05-09,11,At-risk
INV001757,55.57142857142857,121.0,2024-04-01,2025-04-25,8,At-risk
INV001759,49.55555555555556,126.0,2024-02-17,2025-05-08,10,At-risk
INV001769,98.0,166.0,2024-01-03,2025-05-07,6,At-risk
INV001772,95.0,184.0,2024-01-21,2025-05-10,6,At-risk
INV001775,29.142857142857142,65.0,2024-10-12,2025-05-04,8,Regular
INV001777,57.625,156.0,2024-01-27,2025-05-02,9,At-risk
INV001778,63.57142857142857,283.0,2024-01-10,2025-03-30,8,At-risk
INV001797,79.66666666666667,132.0,2024-02-07,2025-05-30,7,At-risk
INV001800,49.666666666666664,132.0,2024-01-15,2024-11-08,7,At-risk
INV001802,61.666666666666664,151.0,2024-05-02,2025-05-07,7,At-risk
INV001803,59.0,127.0,2024-05-25,2025-03-16,6,At-risk
INV001804,55.857142857142854,126.0,2024-02-06,2025-03-03,8,At-risk
INV001806,60.0,209.0,2024-01-04,2025-02-27,8,At-risk
INV001809,95.6,249.0,2024-01-21,2025-05-13,6,At-risk
INV001811,54.25,196.0,2024-03-04,2025-05-12,9,At-risk
INV001822,19.8,43.0,2024-03-16,2024-06-23,6,Regular
INV001823,58.142857142857146,172.0,2024-01-25,2025-03-07,8,At-risk
INV001826,51.2,128.0,2024-02-25,2024-11-07,6,At-risk
INV001828,44.42857142857143,91.0,2024-01-23,2024-11-29,8,At-risk
INV001831,72.8,181.0,2024-03-03,2025-03-02,6,At-risk
INV001837,62.833333333333336,157.0,2024-03-15,2025-03-27,7,At-risk
INV001841,56.2,129.0,2024-06-21,2025-03-29,6,At-risk
INV001853,47.42857142857143,95.0,2024-02-20,2025-01-17,8,At-risk
INV001858,55.142857142857146,261.0,2024-04-05,2025-04-26,8,At-risk
INV001865,63.5,145.0,2024-01-11,2025-01-26,7,At-risk
INV001866,58.8,117.0,2024-02-27,2024-12-17,6,At-risk
INV001870,76.0,164.0,2024-01-06,2025-04-06,7,At-risk
INV001871,55.0,101.0,2024-01-26,2024-12-21,7,At-risk
INV001883,99.2,203.0,2024-01-16,2025-05-26,6,At-risk
INV001885,71.2,128.0,2024-03-05,2025-02-24,6,At-risk
INV001886,50.75,129.0,2024-03-17,2025-04-27,9,At-risk
INV001890,102.6,207.0,2024-01-02,2025-05-29,6,At-risk
INV001891,96.4,261.0,2024-02-03,2025-05-30,6,At-risk
INV001909,62.142857142857146,121.0,2024-02-21,2025-05-01,8,At-risk
INV001912,86.4,256.0,2024-01-16,2025-03-23,6,At-risk
INV001920,39.0,76.0,2024-09-02,2025-04-24,7,At-risk
INV001921,68.57142857142857,225.0,2024-01-28,2025-05-22,8,At-risk
INV001923,80.66666666666667,106.0,2024-01-06,2025-05-04,7,At-risk
INV001924,59.166666666666664,119.0,2024-01-06,2024-12-26,7,At-risk
INV001927,58.8,91.0,2024-05-22,2025-03-12,6,At-risk
INV001929,66.2,242.0,2024-06-26,2025-05-23,6,At-risk
INV001937,60.42857142857143,253.0,2024-03-30,2025-05-27,8,At-risk
INV001938,43.0,112.0,2024-04-22,2025-04-01,9,At-risk
INV001943,74.4,171.0,2024-02-26,2025-03-04,6,At-risk
INV001950,60.166666666666664,134.0,2024-05-24,2025-05-20,7,At-risk
INV001951,58.833333333333336,124.0,2024-04-26,2025-04-14,7,At-risk
INV001954,86.8,273.0,2024-02-06,2025-04-15,6,At-risk
INV001955,76.0,199.0,2024-02-15,2025-03-01,6,At-risk
INV001961,83.4,234.0,2024-01-07,2025-02-27,6,At-risk
INV001969,79.2,163.0,2024-01-15,2025-02-14,6,At-risk
INV001971,54.714285714285715,87.0,2024-04-11,2025-04-29,8,At-risk
INV001972,42.42857142857143,153.0,2024-01-14,2024-11-06,8,At-risk
INV001978,83.2,112.0,2024-03-14,2025-05-04,6,At-risk
INV001979,55.4,100.0,2024-07-28,2025-05-01,6,At-risk
INV001982,85.8,289.0,2024-03-18,2025-05-21,6,At-risk
INV001986,47.666666666666664,98.0,2024-07-03,2025-04-15,7,At-risk
INV001987,67.0,241.0,2024-04-08,2025-05-15,7,At-risk
INV001990,45.285714285714285,91.0,2024-06-17,2025-04-30,8,At-risk
INV001993,56.6,147.0,2024-02-15,2024-11-24,6,At-risk
INV001995,48.6,94.0,2024-02-18,2024-10-18,6,At-risk
INV001997,88.6,168.0,2024-01-04,2025-03-22,6,At-risk
INV002001,84.8,335.0,2024-03-17,2025-05-15,6,At-risk
INV002006,73.6,157.0,2024-03-19,2025-03-22,6,At-risk
INV002010,74.6,103.0,2024-01-11,2025-01-18,6,At-risk
INV002017,44.666666666666664,99.0,2024-04-23,2025-01-16,7,At-risk
INV002018,63.6,106.0,2024-03-24,2025-02-05,6,At-risk
INV002019,68.8,117.0,2024-06-02,2025-05-12,6,At-risk
INV002025,55.833333333333336,92.0,2024-05-24,2025-04-24,7,At-risk
INV002033,55.0,123.0,2024-01-04,2024-11-29,7,At-risk
INV002034,69.0,166.0,2024-01-06,2025-05-03,8,At-risk
INV002037,33.2,61.0,2024-03-04,2024-08-17,6,Regular
INV002038,84.0,202.0,2024-01-16,2025-03-11,6,At-risk
INV002051,78.6,159.0,2024-03-30,2025-04-27,6,At-risk
INV002052,44.166666666666664,114.0,2024-02-08,2024-10-30,7,At-risk
INV002069,47.55555555555556,95.0,2024-01-09,2025-03-12,10,At-risk
INV002070,81.33333333333333,118.0,2024-01-10,2025-05-12,7,At-risk
INV002083,51.666666666666664,193.0,2024-02-03,2025-05-13,10,At-risk
INV002085,65.0,220.0,2024-02-29,2025-01-19,6,At-risk
INV002090,90.2,231.0,2024-02-11,2025-05-07,6,At-risk
INV002092,33.5,54.0,2024-05-20,2024-12-07,7,Regular
INV002101,80.2,248.0,2024-01-09,2025-02-13,6,At-risk
INV002102,44.8,63.0,2024-06-16,2025-01-26,6,At-risk
INV002107,71.14285714285714,298.0,2024-01-09,2025-05-21,8,At-risk
INV002111,62.42857142857143,123.0,2024-01-24,2025-04-05,8,At-risk
INV002119,78.0,195.0,2024-03-29,2025-04-23,6,At-risk
INV002121,68.5,197.0,2024-04-05,2025-05-21,7,At-risk
INV002122,40.333333333333336,97.0,2024-09-26,2025-05-26,7,At-risk
INV002127,60.2,113.0,2024-05-18,2025-03-15,6,At-risk
INV002134,82.66666666666667,180.0,2024-01-20,2025-05-30,7,At-risk
INV002138,91.8,189.0,2024-01-22,2025-04-25,6,At-risk
INV002142,45.5,162.0,2024-05-01,2025-04-30,9,At-risk
INV002143,63.57142857142857,148.0,2024-01-15,2025-04-04,8,At-risk
INV002149,42.285714285714285,215.0,2024-05-03,2025-02-23,8,At-risk
INV002150,73.6,216.0,2024-03-14,2025-03-17,6,At-risk
INV002151,60.375,201.0,2024-01-16,2025-05-13,9,At-risk
INV002153,67.83333333333333,194.0,2024-03-22,2025-05-03,7,At-risk
INV002154,89.4,175.0,2024-01-26,2025-04-17,6,At-risk
INV002155,78.0,190.0,2024-04-02,2025-04-27,6,At-risk
INV002157,58.5,142.0,2024-02-03,2025-01-19,7,At-risk
INV002159,65.0,104.0,2024-06-18,2025-05-09,6,At-risk
INV002162,58.375,198.0,2024-02-04,2025-05-16,9,At-risk
INV002166,99.2,248.0,2024-01-01,2025-05-11,6,At-risk
INV002171,55.833333333333336,150.0,2024-03-08,2025-02-06,7,At-risk
INV002177,73.0,330.0,2024-03-16,2025-05-28,7,At-risk
INV002178,66.42857142857143,236.0,2024-02-10,2025-05-20,8,At-risk
INV002179,54.142857142857146,171.0,2024-02-10,2025-02-23,8,At-risk
INV002182,70.5,148.0,2024-02-19,2025-04-17,7,At-risk
INV002185,48.4,92.0,2024-03-16,2024-11-13,6,At-risk
INV002186,74.83333333333333,167.0,2024-02-05,2025-04-29,7,At-risk
INV002187,67.83333333333333,221.0,2024-04-02,2025-05-14,7,At-risk
INV002195,49.25,154.0,2024-03-05,2025-04-03,9,At-risk
INV002196,62.142857142857146,115.0,2024-01-02,2025-03-12,8,At-risk
INV002198,43.0,93.0,2024-05-08,2025-04-17,9,At-risk
INV002199,50.833333333333336,94.0,2024-02-14,2024-12-15,7,At-risk
INV002202,70.42857142857143,276.0,2024-01-13,2025-05-20,8,At-risk
INV002206,49.0,141.0,2024-02-22,2024-12-12,7,At-risk
INV002208,71.33333333333333,142.0,2024-01-31,2025-04-03,7,At-risk
INV002211,63.833333333333336,109.0,2024-03-28,2025-04-15,7,At-risk
INV002216,61.714285714285715,172.0,2024-03-01,2025-05-07,8,At-risk
INV002218,67.8,181.0,2024-03-31,2025-03-05,6,At-risk
INV002219,70.85714285714286,166.0,2024-01-04,2025-05-14,8,At-risk
INV002228,68.6,109.0,2024-02-24,2025-02-01,6,At-risk
INV002229,64.6,101.0,2024-04-19,2025-03-08,6,At-risk
INV002230,57.57142857142857,171.0,2024-03-18,2025-04-25,8,At-risk
INV002232,69.16666666666667,174.0,2024-01-08,2025-02-26,7,At-risk
INV002236,73.66666666666667,119.0,2024-01-16,2025-04-02,7,At-risk
INV002237,51.666666666666664,142.0,2024-05-17,2025-03-23,7,At-risk
INV002240,77.83333333333333,266.0,2024-02-02,2025-05-14,7,At-risk
INV002241,65.66666666666667,124.0,2024-04-19,2025-05-18,7,At-risk
INV002251,62.6,157.0,2024-06-24,2025-05-03,6,At-risk
INV002256,75.6,115.0,2024-01-14,2025-01-26,6,At-risk
INV002259,45.333333333333336,89.0,2024-04-27,2025-01-24,7,At-risk
INV002260,77.8,235.0,2024-01-25,2025-02-17,6,At-risk
INV002265,63.166666666666664,244.0,2024-05-07,2025-05-21,7,At-risk
INV002277,67.33333333333333,127.0,2024-03-05,2025-04-13,7,At-risk
INV002280,71.66666666666667,182.0,2024-03-15,2025-05-19,7,At-risk
INV002282,53.2,102.0,2024-05-02,2025-01-23,6,At-risk
INV002284,85.0,277.0,2024-02-13,2025-04-13,6,At-risk
INV002290,61.6,112.0,2024-04-28,2025-03-02,6,At-risk
INV002294,48.714285714285715,163.0,2024-04-01,2025-03-08,8,At-risk
INV002295,64.5,159.0,2024-02-10,2025-03-03,7,At-risk
INV002298,23.2,37.0,2024-09-30,2025-01-24,6,Regular
INV002304,42.55555555555556,104.0,2024-03-28,2025-04-15,10,At-risk
INV002315,71.83333333333333,174.0,2024-03-01,2025-05-06,7,At-risk
INV002319,60.0,123.0,2024-01-19,2025-01-13,7,At-risk
INV002322,63.4,102.0,2024-05-28,2025-04-10,6,At-risk
INV002327,76.4,215.0,2024-01-27,2025-02-12,6,At-risk
INV002329,57.0,183.0,2024-01-06,2024-12-13,7,At-risk
INV002342,74.2,212.0,2024-04-13,2025-04-19,6,At-risk
INV002343,57.75,115.0,2024-01-04,2025-04-10,9,At-risk
INV002347,40.5,79.0,2024-06-10,2025-04-30,9,At-risk
INV002348,94.4,166.0,2024-01-30,2025-05-16,6,At-risk
INV002349,52.2,75.0,2024-04-08,2024-12-25,6,At-risk
INV002351,77.2,204.0,2024-03-13,2025-04-03,6,At-risk
INV002357,68.33333333333333,240.0,2024-01-03,2025-02-16,7,At-risk
INV002360,56.125,129.0,2024-03-05,2025-05-28,9,At-risk
INV002361,55.4,198.0,2024-01-08,2024-10-11,6,At-risk
INV002367,52.5,134.0,2024-05-11,2025-03-22,7,At-risk
INV002368,61.166666666666664,215.0,2024-04-06,2025-04-08,7,At-risk
INV002369,60.0,136.0,2024-04-02,2025-01-27,6,At-risk
INV002370,70.16666666666667,237.0,2024-03-10,2025-05-05,7,At-risk
INV002372,95.2,133.0,2024-01-26,2025-05-16,6,At-risk
INV002373,70.14285714285714,154.0,2024-01-19,2025-05-24,8,At-risk
INV002374,21.2,34.0,2024-10-21,2025-02-04,6,Regular
INV002384,39.111111111111114,92.0,2024-06-05,2025-05-23,10,At-risk
INV002388,33.2,84.0,2024-11-27,2025-05-12,6,Regular
INV002389,50.77777777777778,126.0,2024-02-06,2025-05-08,10,At-risk
INV002390,47.0,100.0,2024-03-20,2024-11-10,6,At-risk
INV002391,40.2,124.0,2024-05-05,2024-11-22,6,At-risk
INV002395,97.0,225.0,2024-01-17,2025-05-16,6,At-risk
INV002400,55.375,141.0,2024-01-04,2025-03-22,9,At-risk
INV002401,59.142857142857146,125.0,2024-01-12,2025-03-01,8,At-risk
INV002402,47.166666666666664,89.0,2024-08-17,2025-05-27,7,At-risk
INV002407,47.833333333333336,167.0,2024-08-02,2025-05-16,7,At-risk
INV002409,55.57142857142857,125.0,2024-05-04,2025-05-28,8,At-risk
INV002413,53.0,189.0,2024-05-24,2025-05-30,8,At-risk
INV002415,57.42857142857143,110.0,2024-03-14,2025-04-20,8,At-risk
INV002417,83.33333333333333,190.0,2024-01-03,2025-05-17,7,At-risk
INV002418,91.6,128.0,2024-01-30,2025-05-02,6,At-risk
INV002420,72.8,107.0,2024-01-15,2025-01-13,6,At-risk
INV002422,50.333333333333336,139.0,2024-01-25,2025-04-22,10,At-risk
INV002429,78.6,216.0,2024-02-16,2025-03-15,6,At-risk
INV002434,88.2,217.0,2024-01-13,2025-03-29,6,At-risk
INV002437,49.166666666666664,212.0,2024-04-25,2025-02-14,7,At-risk
INV002445,38.142857142857146,117.0,2024-02-24,2024-11-17,8,At-risk
INV002453,63.0,87.0,2024-03-14,2025-03-27,7,At-risk
INV002458,72.4,232.0,2024-04-20,2025-04-17,6,At-risk
INV002459,53.714285714285715,161.0,2024-02-03,2025-02-13,8,At-risk
INV002463,95.4,236.0,2024-02-07,2025-05-29,6,At-risk
INV002464,35.4,97.0,2024-02-21,2024-08-16,6,At-risk
INV002466,80.66666666666667,270.0,2024-01-30,2025-05-28,7,At-risk
INV002467,38.857142857142854,116.0,2024-01-03,2024-10-01,8,At-risk
INV002471,56.4,98.0,2024-01-07,2024-10-15,6,At-risk
INV002475,49.666666666666664,119.0,2024-03-06,2025-05-27,10,At-risk
INV002476,86.0,235.0,2024-01-19,2025-03-24,6,At-risk
INV002485,70.4,136.0,2024-03-25,2025-03-12,6,At-risk
INV002490,70.0,125.0,2024-01-09,2025-05-13,8,At-risk
INV002495,82.2,174.0,2024-01-04,2025-02-18,6,At-risk
INV002496,53.0,156.0,2024-08-09,2025-05-01,6,At-risk
INV002497,67.28571428571429,152.0,2024-01-13,2025-04-28,8,At-risk
INV002508,51.625,171.0,2024-04-06,2025-05-24,9,At-risk
INV002509,33.666666666666664,74.0,2024-02-07,2024-12-06,10,Regular
INV002510,64.33333333333333,176.0,2024-01-10,2025-01-30,7,At-risk
INV002521,74.6,206.0,2024-04-27,2025-05-05,6,At-risk
INV002527,49.666666666666664,93.0,2024-01-18,2024-11-11,7,At-risk
INV002530,71.42857142857143,175.0,2024-01-05,2025-05-19,8,At-risk
INV002531,76.33333333333333,182.0,2024-02-01,2025-05-04,7,At-risk
INV002543,74.66666666666667,116.0,2024-02-05,2025-04-28,7,At-risk
INV002547,89.0,181.0,2024-02-04,2025-04-24,6,At-risk
INV002552,48.22222222222222,184.0,2024-01-10,2025-03-19,10,At-risk
INV002554,49.666666666666664,100.0,2024-01-04,2024-10-28,7,At-risk
INV002555,72.0,172.0,2024-01-30,2025-04-06,7,At-risk
INV002557,67.16666666666667,264.0,2024-03-30,2025-05-07,7,At-risk
INV002558,97.6,297.0,2024-01-23,2025-05-25,6,At-risk
INV002560,95.2,155.0,2024-01-02,2025-04-22,6,At-risk
INV002563,65.8,114.0,2024-01-27,2024-12-21,6,At-risk
INV002567,82.0,127.0,2024-01-05,2025-02-18,6,At-risk
INV002568,61.57142857142857,144.0,2024-03-02,2025-05-07,8,At-risk
INV002570,62.0,150.0,2024-02-14,2025-02-20,7,At-risk
INV002572,55.714285714285715,108.0,2024-04-24,2025-05-19,8,At-risk
INV002574,79.4,139.0,2024-01-31,2025-03-03,6,At-risk
INV002575,56.125,128.0,2024-02-18,2025-05-12,9,At-risk
INV002579,40.8,71.0,2024-08-14,2025-03-06,6,At-risk
INV002582,77.4,173.0,2024-02-01,2025-02-22,6,At-risk
INV002585,65.0,124.0,2024-03-29,2025-02-17,6,At-risk
INV002586,87.2,168.0,2024-03-13,2025-05-23,6,At-risk
INV002590,50.22222222222222,125.0,2024-01-28,2025-04-24,10,At-risk
INV002591,52.2,139.0,2024-06-19,2025-03-07,6,At-risk
INV002594,94.0,244.0,2024-02-07,2025-05-22,6,At-risk
INV002598,51.375,179.0,2024-02-21,2025-04-07,9,At-risk
INV002602,66.0,151.0,2024-02-10,2025-05-17,8,At-risk
INV002606,89.6,248.0,2024-03-02,2025-05-24,6,At-risk
INV002613,65.0,143.0,2024-02-16,2025-05-16,8,At-risk
INV002622,76.66666666666667,244.0,2024-01-29,2025-05-03,7,At-risk
INV002627,85.0,182.0,2024-03-23,2025-05-22,6,At-risk
INV002628,77.0,322.0,2024-02-01,2025-02-20,6,At-risk
INV002632,65.57142857142857,180.0,2024-01-26,2025-04-29,8,At-risk
INV002640,70.0,153.0,2024-01-29,2025-03-24,7,At-risk
INV002643,74.2,229.0,2024-02-03,2025-02-08,6,At-risk
INV002645,45.166666666666664,133.0,2024-03-16,2024-12-12,7,At-risk
INV002654,61.857142857142854,115.0,2024-02-05,2025-04-13,8,At-risk
INV002659,62.333333333333336,224.0,2024-03-17,2025-03-26,7,At-risk
INV002666,53.166666666666664,100.0,2024-06-06,2025-04-21,7,At-risk
INV002671,77.16666666666667,163.0,2024-02-10,2025-05-18,7,At-risk
INV002673,65.0,147.0,2024-02-21,2025-05-21,8,At-risk
INV002674,75.8,153.0,2024-02-06,2025-02-19,6,At-risk
INV002675,63.857142857142854,138.0,2024-02-05,2025-04-27,8,At-risk
INV002681,83.66666666666667,161.0,2024-01-13,2025-05-29,7,At-risk
INV002684,80.6,266.0,2024-01-28,2025-03-06,6,At-risk
INV002688,37.0,122.0,2024-06-25,2025-04-17,9,At-risk
INV002689,50.0,115.0,2024-03-10,2025-02-23,8,At-risk
INV002693,45.833333333333336,72.0,2024-06-06,2025-03-08,7,At-risk
INV002697,55.333333333333336,199.0,2024-01-20,2024-12-17,7,At-risk
INV002700,79.83333333333333,140.0,2024-01-10,2025-05-03,7,At-risk
INV002704,59.142857142857146,139.0,2024-03-19,2025-05-07,8,At-risk
INV002705,22.571428571428573,70.0,2024-04-11,2024-09-16,8,Regular
INV002706,73.6,133.0,2024-03-26,2025-03-29,6,At-risk
INV002711,65.57142857142857,230.0,2024-01-26,2025-04-29,8,At-risk
INV002712,46.8,174.0,2024-02-06,2025-05-19,11,At-risk
INV002722,61.4,178.0,2024-06-08,2025-04-11,6,At-risk
INV002723,37.75,102.0,2024-07-31,2025-05-29,9,At-risk
INV002724,76.6,187.0,2024-02-15,2025-03-04,6,At-risk
INV002726,45.57142857142857,84.0,2024-06-18,2025-05-03,8,At-risk
INV002732,70.71428571428571,151.0,2024-01-07,2025-05-16,8,At-risk
INV002733,51.57142857142857,150.0,2024-05-25,2025-05-21,8,At-risk
INV002735,68.16666666666667,136.0,2024-03-23,2025-05-06,7,At-risk
INV002736,70.6,323.0,2024-01-17,2025-01-04,6,At-risk
INV002737,58.42857142857143,104.0,2024-03-30,2025-05-13,8,At-risk
INV002743,88.2,190.0,2024-03-14,2025-05-29,6,At-risk
INV002744,52.888888888888886,139.0,2024-01-31,2025-05-21,10,At-risk
INV002746,68.0,206.0,2024-01-14,2025-05-04,8,At-risk
INV002750,72.4,254.0,2024-03-17,2025-03-14,6,At-risk
INV002751,41.5,102.0,2024-05-15,2025-01-19,7,At-risk
INV002758,81.0,263.0,2024-03-17,2025-04-26,6,At-risk
INV002761,80.6,312.0,2024-03-01,2025-04-08,6,At-risk
INV002766,70.6,151.0,2024-05-21,2025-05-09,6,At-risk
INV002767,55.333333333333336,145.0,2024-06-14,2025-05-12,7,At-risk
INV002769,82.0,141.0,2024-01-23,2025-05-29,7,At-risk
INV002772,74.5,168.0,2024-01-09,2025-03-31,7,At-risk
INV002779,64.2,151.0,2024-06-24,2025-05-11,6,At-risk
INV002783,64.0,126.0,2024-05-05,2025-05-24,7,At-risk
INV002786,76.33333333333333,124.0,2024-01-12,2025-04-14,7,At-risk
INV002793,59.333333333333336,125.0,2024-05-30,2025-05-21,7,At-risk
INV002794,56.166666666666664,111.0,2024-02-12,2025-01-14,7,At-risk
INV002799,70.8,129.0,2024-01-27,2025-01-15,6,At-risk
INV002800,63.5,108.0,2024-03-12,2025-03-28,7,At-risk
INV002803,64.83333333333333,176.0,2024-02-16,2025-03-11,7,At-risk
INV002804,59.857142857142854,209.0,2024-03-27,2025-05-20,8,At-risk
INV002808,59.666666666666664,120.0,2024-05-04,2025-04-27,7,At-risk
INV002809,81.4,276.0,2024-03-23,2025-05-04,6,At-risk
INV002810,32.285714285714285,139.0,2024-06-26,2025-02-07,8,Regular
INV002813,49.0,149.0,2024-04-30,2025-02-18,7,At-risk
INV002822,53.0,108.0,2024-07-02,2025-05-16,7,At-risk
INV002824,71.83333333333333,223.0,2024-02-25,2025-05-01,7,At-risk
INV002826,61.6,91.0,2024-01-20,2024-11-23,6,At-risk
INV002827,73.6,200.0,2024-02-15,2025-02-17,6,At-risk
INV002828,80.0,211.0,2024-02-22,2025-03-28,6,At-risk
INV002831,40.2,72.0,2024-05-28,2024-12-15,6,At-risk
INV002835,82.33333333333333,233.0,2024-01-06,2025-05-14,7,At-risk
INV002838,56.714285714285715,116.0,2024-03-28,2025-04-29,8,At-risk
INV002841,43.4,102.0,2024-09-09,2025-04-14,6,At-risk
INV002843,43.142857142857146,128.0,2024-07-18,2025-05-16,8,At-risk
INV002847,52.666666666666664,129.0,2024-01-03,2025-04-21,10,At-risk
INV002850,53.166666666666664,166.0,2024-04-13,2025-02-26,7,At-risk
INV002852,75.8,207.0,2024-03-09,2025-03-23,6,At-risk
INV002859,76.5,198.0,2024-02-15,2025-05-19,7,At-risk
INV002863,74.4,199.0,2024-01-15,2025-01-21,6,At-risk
INV002865,37.2,50.0,2024-04-21,2024-10-24,6,At-risk
INV002870,48.2,109.0,2024-01-18,2024-09-15,6,At-risk
INV002872,85.6,199.0,2024-03-19,2025-05-21,6,At-risk
INV002873,98.2,235.0,2024-01-18,2025-05-23,6,At-risk
INV002879,72.16666666666667,125.0,2024-03-20,2025-05-27,7,At-risk
INV002881,43.6,110.0,2024-04-08,2024-11-12,6,At-risk
INV002883,96.0,176.0,2024-01-18,2025-05-12,6,At-risk
INV002886,44.333333333333336,137.0,2024-01-24,2024-10-16,7,At-risk
INV002891,72.71428571428571,166.0,2024-01-04,2025-05-27,8,At-risk
INV002893,50.0,148.0,2024-01-01,2025-02-04,9,At-risk
INV002900,64.2,136.0,2024-05-20,2025-04-06,6,At-risk
INV002903,89.6,176.0,2024-02-04,2025-04-27,6,At-risk
INV002904,49.333333333333336,104.0,2024-06-25,2025-04-17,7,At-risk
INV002905,73.0,221.0,2024-03-03,2025-03-03,6,At-risk
INV002906,41.2,74.0,2024-06-23,2025-01-15,6,At-risk
INV002909,82.33333333333333,263.0,2024-01-13,2025-05-21,7,At-risk
INV002912,97.0,342.0,2024-01-22,2025-05-21,6,At-risk
INV002913,73.66666666666667,168.0,2024-02-08,2025-04-25,7,At-risk
INV002915,49.285714285714285,117.0,2024-03-02,2025-02-10,8,At-risk
INV002921,53.333333333333336,121.0,2024-04-28,2025-03-14,7,At-risk
INV002927,40.285714285714285,79.0,2024-08-01,2025-05-10,8,At-risk
INV002935,48.0,72.0,2024-05-08,2025-02-20,7,At-risk
INV002937,67.16666666666667,184.0,2024-02-15,2025-03-24,7,At-risk
INV002939,60.5,127.0,2024-04-23,2025-04-21,7,At-risk
INV002942,55.5,180.0,2024-01-14,2025-04-02,9,At-risk
INV002945,65.0,139.0,2024-01-27,2025-04-26,8,At-risk
INV002947,64.16666666666667,152.0,2024-01-05,2025-01-24,7,At-risk
INV002950,45.857142857142854,119.0,2024-05-21,2025-04-07,8,At-risk
INV002951,51.833333333333336,82.0,2024-03-03,2025-01-08,7,At-risk
INV002961,84.66666666666667,231.0,2024-01-02,2025-05-24,7,At-risk
INV002974,51.333333333333336,105.0,2024-05-13,2025-03-17,7,At-risk
INV002984,91.0,200.0,2024-01-24,2025-04-23,6,At-risk
INV002989,86.6,182.0,2024-02-15,2025-04-23,6,At-risk
INV002994,58.166666666666664,142.0,2024-05-13,2025-04-27,7,At-risk
INV003000,67.0,137.0,2024-03-13,2025-04-19,7,At-risk
INV003003,58.25,100.0,2024-02-04,2025-05-15,9,At-risk
INV003005,53.142857142857146,107.0,2024-02-28,2025-03-06,8,At-risk
INV003007,48.25,162.0,2024-05-05,2025-05-26,9,At-risk
INV003009,38.125,84.0,2024-06-16,2025-04-17,9,At-risk
INV003011,64.16666666666667,154.0,2024-02-09,2025-02-28,7,At-risk
INV003014,82.4,144.0,2024-04-09,2025-05-26,6,At-risk
INV003015,54.666666666666664,91.0,2024-06-27,2025-05-21,7,At-risk
INV003018,49.2,156.0,2024-03-13,2024-11-14,6,At-risk
INV003022,69.6,123.0,2024-03-22,2025-03-05,6,At-risk
INV003024,44.2,122.0,2024-09-24,2025-05-03,6,At-risk
INV003025,35.285714285714285,65.0,2024-02-18,2024-10-22,8,At-risk
INV003028,91.4,183.0,2024-01-02,2025-04-03,6,At-risk
INV003034,73.4,118.0,2024-05-07,2025-05-09,6,At-risk
INV003036,57.714285714285715,138.0,2024-04-16,2025-05-25,8,At-risk
INV003037,79.5,300.0,2024-02-08,2025-05-30,7,At-risk
INV003040,74.0,194.0,2024-01-06,2025-01-10,6,At-risk
INV003043,73.83333333333333,131.0,2024-01-30,2025-04-17,7,At-risk
INV003044,71.16666666666667,237.0,2024-02-24,2025-04-26,7,At-risk
INV003045,36.2,71.0,2024-03-07,2024-09-04,6,At-risk
INV003047,70.14285714285714,215.0,2024-01-20,2025-05-25,8,At-risk
INV003054,78.66666666666667,209.0,2024-01-01,2025-04-17,7,At-risk
INV003060,79.0,135.0,2024-01-06,2025-04-24,7,At-risk
INV003063,57.833333333333336,112.0,2024-01-05,2024-12-17,7,At-risk
INV003070,54.5,132.0,2024-01-06,2025-03-17,9,At-risk
INV003074,74.8,123.0,2024-02-23,2025-03-03,6,At-risk
INV003075,57.42857142857143,128.0,2024-01-05,2025-02-10,8,At-risk
INV003078,69.16666666666667,126.0,2024-02-12,2025-04-02,7,At-risk
INV003082,46.42857142857143,142.0,2024-03-16,2025-02-04,8,At-risk
INV003083,66.4,169.0,2024-01-25,2024-12-22,6,At-risk
INV003089,65.0,107.0,2024-01-23,2024-12-13,6,At-risk
INV003091,50.875,199.0,2024-03-12,2025-04-23,9,At-risk
INV003095,86.6,175.0,2024-03-03,2025-05-10,6,At-risk
INV003097,62.714285714285715,121.0,2024-01-06,2025-03-20,8,At-risk
INV003105,65.5,140.0,2024-02-16,2025-03-15,7,At-risk
INV003112,91.6,173.0,2024-01-22,2025-04-24,6,At-risk
INV003113,66.85714285714286,159.0,2024-01-20,2025-05-02,8,At-risk
INV003115,48.0,125.0,2024-05-01,2024-12-27,6,At-risk
INV003117,66.57142857142857,115.0,2024-02-10,2025-05-21,8,At-risk
INV003134,76.83333333333333,172.0,2024-02-10,2025-05-16,7,At-risk
INV003139,55.166666666666664,133.0,2024-03-21,2025-02-15,7,At-risk
INV003140,57.0,125.0,2024-03-11,2025-04-14,8,At-risk
INV003141,67.5,225.0,2024-02-13,2025-03-24,7,At-risk
INV003144,82.5,243.0,2024-01-11,2025-05-20,7,At-risk
INV003146,59.5,283.0,2024-02-01,2025-05-22,9,At-risk
INV003151,81.0,146.0,2024-04-11,2025-05-21,6,At-risk
INV003153,40.666666666666664,156.0,2024-02-14,2024-10-15,7,At-risk
INV003158,55.625,138.0,2024-01-27,2025-04-16,9,At-risk
INV003161,77.4,118.0,2024-03-09,2025-03-31,6,At-risk
INV003169,62.6,178.0,2024-05-16,2025-03-25,6,At-risk
INV003178,56.4,84.0,2024-02-18,2024-11-26,6,At-risk
INV003179,56.25,151.0,2024-01-25,2025-04-19,9,At-risk
INV003185,65.2,116.0,2024-05-24,2025-04-15,6,At-risk
INV003187,58.25,244.0,2024-02-01,2025-05-12,9,At-risk
INV003189,55.125,198.0,2024-02-02,2025-04-18,9,At-risk
INV003191,76.8,138.0,2024-03-17,2025-04-05,6,At-risk
INV003193,96.6,294.0,2024-01-05,2025-05-02,6,At-risk
INV003196,80.33333333333333,319.0,2024-01-04,2025-04-30,7,At-risk
INV003205,67.66666666666667,111.0,2024-03-12,2025-04-22,7,At-risk
INV003210,72.2,112.0,2024-01-12,2025-01-07,6,At-risk
INV003211,69.0,104.0,2024-02-19,2025-04-08,7,At-risk
INV003214,59.8,170.0,2024-03-19,2025-01-12,6,At-risk
INV003215,60.833333333333336,105.0,2024-01-19,2025-01-18,7,At-risk
INV003219,57.2,86.0,2024-02-27,2024-12-09,6,At-risk
INV003221,61.166666666666664,99.0,2024-01-17,2025-01-18,7,At-risk
INV003222,81.5,190.0,2024-01-12,2025-05-15,7,At-risk
INV003223,67.71428571428571,331.0,2024-01-25,2025-05-13,8,At-risk
INV003228,70.16666666666667,256.0,2024-02-02,2025-03-29,7,At-risk
INV003230,67.5,251.0,2024-02-19,2025-03-30,7,At-risk
INV003231,83.0,253.0,2024-01-17,2025-05-29,7,At-risk
INV003234,96.6,188.0,2024-01-19,2025-05-16,6,At-risk
INV003236,51.125,115.0,2024-01-18,2025-03-02,9,At-risk
INV003242,61.0,159.0,2024-05-05,2025-05-06,7,At-risk
INV003247,84.6,206.0,2024-03-30,2025-05-27,6,At-risk
INV003252,67.6,192.0,2024-05-05,2025-04-08,6,At-risk
INV003256,51.0,90.0,2024-07-25,2025-05-27,7,At-risk
INV003257,61.8,139.0,2024-07-25,2025-05-30,6,At-risk
INV003260,89.4,247.0,2024-02-15,2025-05-07,6,At-risk
INV003262,85.2,162.0,2024-01-13,2025-03-14,6,At-risk
INV003267,74.4,197.0,2024-01-10,2025-01-16,6,At-risk
INV003271,61.166666666666664,157.0,2024-02-09,2025-02-10,7,At-risk
INV003273,60.142857142857146,134.0,2024-03-17,2025-05-12,8,At-risk
INV003277,53.714285714285715,192.0,2024-05-19,2025-05-30,8,At-risk
INV003279,63.375,147.0,2024-01-07,2025-05-28,9,At-risk
INV003289,64.83333333333333,183.0,2024-02-15,2025-03-10,7,At-risk
INV003300,64.8,219.0,2024-04-25,2025-03-15,6,At-risk
INV003301,59.375,113.0,2024-01-25,2025-05-14,9,At-risk
INV003304,44.22222222222222,180.0,2024-01-14,2025-02-15,10,At-risk
INV003308,56.75,141.0,2024-02-19,2025-05-18,9,At-risk
INV003310,80.8,154.0,2024-02-26,2025-04-05,6,At-risk
INV003311,48.0,149.0,2024-04-09,2025-04-28,9,At-risk
INV003314,73.5,210.0,2024-02-15,2025-05-01,7,At-risk
INV003317,44.142857142857146,71.0,2024-04-02,2025-02-05,8,At-risk
INV003320,45.285714285714285,192.0,2024-04-06,2025-02-17,8,At-risk
INV003325,101.0,155.0,2024-01-07,2025-05-26,6,At-risk
INV003329,89.0,230.0,2024-01-17,2025-04-06,6,At-risk
INV003336,72.33333333333333,133.0,2024-02-24,2025-05-03,7,At-risk
INV003338,37.5,155.0,2024-05-21,2025-03-17,9,At-risk
INV003344,86.6,190.0,2024-02-10,2025-04-18,6,At-risk
INV003350,92.4,191.0,2024-02-14,2025-05-21,6,At-risk
INV003351,54.0,86.0,2024-07-15,2025-04-11,6,At-risk
INV003352,68.14285714285714,279.0,2024-01-11,2025-05-02,8,At-risk
INV003357,62.4,100.0,2024-05-17,2025-03-25,6,At-risk
INV003360,59.42857142857143,163.0,2024-03-14,2025-05-04,8,At-risk
INV003370,63.333333333333336,206.0,2024-03-13,2025-03-28,7,At-risk
INV003372,59.4,118.0,2024-03-04,2024-12-26,6,At-risk
INV003374,56.5,128.0,2024-06-11,2025-05-16,7,At-risk
INV003375,52.714285714285715,158.0,2024-04-30,2025-05-04,8,At-risk
INV003376,85.8,199.0,2024-03-21,2025-05-24,6,At-risk
INV003379,75.16666666666667,268.0,2024-01-03,2025-03-29,7,At-risk
INV003380,72.4,155.0,2024-03-02,2025-02-27,6,At-risk
INV003382,34.2,85.0,2024-07-13,2024-12-31,6,Regular
INV003391,56.6,193.0,2024-06-06,2025-03-16,6,At-risk
INV003393,63.714285714285715,178.0,2024-03-02,2025-05-22,8,At-risk
INV003395,79.0,192.0,2024-03-08,2025-04-07,6,At-risk
INV003398,55.42857142857143,140.0,2024-02-27,2025-03-21,8,At-risk
INV003403,56.6,116.0,2024-02-01,2024-11-10,6,At-risk
INV003404,50.285714285714285,198.0,2024-03-01,2025-02-16,8,At-risk
INV003405,41.0,186.0,2024-07-02,2025-04-15,8,At-risk
INV003406,59.0,251.0,2024-02-02,2025-03-21,8,At-risk
INV003407,57.42857142857143,146.0,2024-03-03,2025-04-09,8,At-risk
INV003422,84.66666666666667,167.0,2024-01-07,2025-05-29,7,At-risk
INV003424,73.16666666666667,124.0,2024-02-16,2025-04-30,7,At-risk
INV003427,84.2,266.0,2024-02-05,2025-04-01,6,At-risk
INV003430,73.4,104.0,2024-05-27,2025-05-29,6,At-risk
INV003431,51.4,152.0,2024-07-01,2025-03-15,6,At-risk
INV003432,61.333333333333336,97.0,2024-02-16,2025-02-18,7,At-risk
INV003435,73.83333333333333,140.0,2024-02-13,2025-05-01,7,At-risk
INV003437,91.2,226.0,2024-02-06,2025-05-07,6,At-risk
INV003448,74.5,200.0,2024-02-04,2025-04-26,7,At-risk
INV003450,47.666666666666664,158.0,2024-02-29,2025-05-03,10,At-risk
INV003455,35.5,76.0,2024-05-17,2024-12-16,7,At-risk
INV003457,60.5,117.0,2024-04-13,2025-04-11,7,At-risk
INV003458,67.85714285714286,206.0,2024-02-06,2025-05-26,8,At-risk
INV003459,59.4,113.0,2024-07-08,2025-05-01,6,At-risk
INV003473,95.8,213.0,2024-01-08,2025-05-01,6,At-risk
INV003475,56.0,155.0,2024-01-14,2025-04-06,9,At-risk
INV003478,56.625,195.0,2024-01-27,2025-04-24,9,At-risk
INV003479,65.71428571428571,164.0,2024-02-08,2025-05-13,8,At-risk
INV003480,82.4,211.0,2024-01-18,2025-03-05,6,At-risk
INV003484,73.8,333.0,2024-02-10,2025-02-13,6,At-risk
INV003487,70.6,155.0,2024-02-29,2025-02-16,6,At-risk
INV003491,59.125,119.0,2024-02-12,2025-05-30,9,At-risk
INV003492,90.8,162.0,2024-02-10,2025-05-09,6,At-risk
INV003495,49.22222222222222,121.0,2024-02-03,2025-04-21,10,At-risk
INV003506,67.0,132.0,2024-04-18,2025-05-25,7,At-risk
INV003509,60.875,149.0,2024-01-20,2025-05-21,9,At-risk
INV003511,65.57142857142857,183.0,2024-01-19,2025-04-22,8,At-risk
INV003514,74.2,172.0,2024-03-09,2025-03-15,6,At-risk
INV003518,67.8,157.0,2024-04-22,2025-03-27,6,At-risk
INV003521,89.0,183.0,2024-02-28,2025-05-18,6,At-risk
INV003524,64.16666666666667,203.0,2024-02-18,2025-03-09,7,At-risk
INV003526,88.2,224.0,2024-01-30,2025-04-15,6,At-risk
INV003528,58.625,186.0,2024-01-23,2025-05-06,9,At-risk
INV003530,51.0,101.0,2024-09-13,2025-05-26,6,At-risk
INV003531,76.4,185.0,2024-01-17,2025-02-02,6,At-risk
INV003534,52.714285714285715,160.0,2024-03-30,2025-04-03,8,At-risk
INV003545,90.0,210.0,2024-01-27,2025-04-21,6,At-risk
INV003556,77.6,129.0,2024-04-19,2025-05-12,6,At-risk
INV003557,66.4,156.0,2024-04-03,2025-03-01,6,At-risk
INV003558,39.166666666666664,66.0,2024-03-10,2024-10-31,7,At-risk
INV003559,48.333333333333336,118.0,2024-01-25,2025-04-04,10,At-risk
INV003562,80.5,165.0,2024-01-31,2025-05-28,7,At-risk
INV003564,71.0,292.0,2024-01-06,2025-05-17,8,At-risk
INV003580,72.16666666666667,227.0,2024-02-09,2025-04-17,7,At-risk
INV003581,51.285714285714285,95.0,2024-06-03,2025-05-28,8,At-risk
INV003582,49.333333333333336,167.0,2024-06-17,2025-04-09,7,At-risk
INV003586,54.285714285714285,113.0,2024-04-20,2025-05-05,8,At-risk
INV003592,75.6,202.0,2024-02-06,2025-02-18,6,At-risk
INV003593,78.2,166.0,2024-02-12,2025-03-09,6,At-risk
INV003598,68.0,114.0,2024-01-15,2025-05-05,8,At-risk
INV003599,50.0,100.0,2024-01-24,2024-09-30,6,At-risk
INV003601,45.25,118.0,2024-05-18,2025-05-15,9,At-risk
INV003604,90.2,188.0,2024-01-15,2025-04-10,6,At-risk
INV003607,70.4,253.0,2024-05-15,2025-05-02,6,At-risk
INV003611,68.83333333333333,228.0,2024-04-01,2025-05-19,7,At-risk
INV003613,67.42857142857143,283.0,2024-01-28,2025-05-14,8,At-risk
INV003619,72.0,113.0,2024-05-14,2025-05-09,6,At-risk
INV003625,62.4,168.0,2024-05-19,2025-03-27,6,At-risk
INV003627,59.166666666666664,152.0,2024-05-25,2025-05-15,7,At-risk
INV003630,52.0,96.0,2024-04-14,2025-02-20,7,At-risk
INV003633,78.8,119.0,2024-03-26,2025-04-24,6,At-risk
INV003634,47.8,83.0,2024-02-15,2024-10-11,6,At-risk
INV003635,47.111111111111114,95.0,2024-01-28,2025-03-27,10,At-risk
INV003641,67.0,219.0,2024-01-05,2025-04-18,8,At-risk
INV003642,53.166666666666664,217.0,2024-01-24,2024-12-08,7,At-risk
INV003645,95.2,257.0,2024-01-29,2025-05-19,6,At-risk
INV003649,96.8,195.0,2024-01-22,2025-05-20,6,At-risk
INV003650,33.9,86.0,2024-02-24,2025-01-28,11,Regular
INV003654,60.5,124.0,2024-05-29,2025-05-27,7,At-risk
INV003655,49.77777777777778,198.0,2024-02-13,2025-05-06,10,At-risk
INV003658,70.71428571428571,143.0,2024-01-02,2025-05-11,8,At-risk
INV003660,79.0,164.0,2024-02-16,2025-03-17,6,At-risk
INV003669,53.5,98.0,2024-05-25,2025-04-11,7,At-risk
INV003670,70.85714285714286,160.0,2024-01-01,2025-05-11,8,At-risk
INV003672,77.2,180.0,2024-02-24,2025-03-16,6,At-risk
INV003673,68.85714285714286,160.0,2024-01-16,2025-05-12,8,At-risk
INV003678,32.8,45.0,2024-11-15,2025-04-28,6,Regular
INV003681,51.0,101.0,2024-03-10,2025-04-22,9,At-risk
INV003683,92.4,165.0,2024-01-11,2025-04-17,6,At-risk
INV003684,98.2,229.0,2024-01-25,2025-05-30,6,At-risk
INV003685,80.2,132.0,2024-04-19,2025-05-25,6,At-risk
INV003686,96.6,328.0,2024-01-26,2025-05-23,6,At-risk
INV003693,71.33333333333333,234.0,2024-01-17,2025-03-20,7,At-risk
INV003695,51.666666666666664,157.0,2024-07-13,2025-05-19,7,At-risk
INV003696,75.8,190.0,2024-04-14,2025-04-28,6,At-risk
INV003697,76.66666666666667,163.0,2024-02-13,2025-05-18,7,At-risk
INV003702,72.66666666666667,118.0,2024-01-13,2025-03-24,7,At-risk
INV003705,78.8,152.0,2024-01-04,2025-02-01,6,At-risk
INV003707,68.6,152.0,2024-01-04,2024-12-12,6,At-risk
INV003708,60.5,104.0,2024-04-27,2025-04-25,7,At-risk
INV003709,80.2,181.0,2024-04-22,2025-05-28,6,At-risk
INV003710,78.6,118.0,2024-01-31,2025-02-27,6,At-risk
INV003711,72.2,145.0,2024-01-28,2025-01-23,6,At-risk
INV003712,79.6,163.0,2024-04-07,2025-05-10,6,At-risk
INV003713,81.5,161.0,2024-01-08,2025-05-11,7,At-risk
INV003718,91.4,284.0,2024-02-20,2025-05-22,6,At-risk
INV003720,74.6,116.0,2024-03-09,2025-03-17,6,At-risk
INV003722,50.666666666666664,135.0,2024-05-21,2025-03-21,7,At-risk
INV003723,61.8,124.0,2024-02-23,2024-12-28,6,At-risk
INV003724,68.0,169.0,2024-01-30,2025-03-13,7,At-risk
INV003733,88.8,174.0,2024-01-12,2025-03-31,6,At-risk
INV003734,59.0,290.0,2024-02-19,2025-04-07,8,At-risk
INV003735,45.857142857142854,104.0,2024-03-29,2025-02-13,8,At-risk
INV003736,77.16666666666667,120.0,2024-01-11,2025-04-18,7,At-risk
INV003738,50.6,117.0,2024-08-25,2025-05-05,6,At-risk
INV003740,51.833333333333336,172.0,2024-04-05,2025-02-10,7,At-risk
INV003741,67.66666666666667,159.0,2024-01-18,2025-02-27,7,At-risk
INV003744,86.8,187.0,2024-03-13,2025-05-21,6,At-risk
INV003745,70.2,183.0,2024-04-07,2025-03-24,6,At-risk
INV003748,56.142857142857146,182.0,2024-02-05,2025-03-04,8,At-risk
INV003757,81.83333333333333,156.0,2024-01-17,2025-05-22,7,At-risk
INV003761,51.857142857142854,150.0,2024-04-02,2025-03-31,8,At-risk
INV003766,65.28571428571429,192.0,2024-02-21,2025-05-23,8,At-risk
INV003767,47.5,125.0,2024-01-19,2025-02-02,9,At-risk
INV003771,50.77777777777778,130.0,2024-01-12,2025-04-13,10,At-risk
INV003772,34.5,72.0,2024-03-19,2024-12-20,9,Regular
INV003775,74.0,151.0,2024-04-28,2025-05-03,6,At-risk
INV003779,76.4,160.0,2024-03-30,2025-04-16,6,At-risk
INV003780,57.42857142857143,135.0,2024-02-01,2025-03-09,8,At-risk
INV003781,64.83333333333333,199.0,2024-02-07,2025-03-02,7,At-risk
INV003785,74.2,160.0,2024-04-11,2025-04-17,6,At-risk
INV003787,63.25,178.0,2024-01-09,2025-05-29,9,At-risk
INV003793,72.33333333333333,203.0,2024-02-03,2025-04-12,7,At-risk
INV003795,67.66666666666667,122.0,2024-01-05,2025-02-14,7,At-risk
INV003811,78.66666666666667,141.0,2024-01-14,2025-04-30,7,At-risk
INV003812,50.833333333333336,174.0,2024-07-02,2025-05-03,7,At-risk
INV003813,82.2,122.0,2024-01-30,2025-03-16,6,At-risk
INV003815,72.5,217.0,2024-02-07,2025-04-17,7,At-risk
INV003824,71.5,196.0,2024-03-14,2025-05-17,7,At-risk
INV003825,81.2,99.0,2024-03-22,2025-05-02,6,At-risk
INV003828,30.666666666666668,109.0,2024-02-25,2024-08-27,7,Regular
INV003829,48.55555555555556,159.0,2024-02-12,2025-04-24,10,At-risk
INV003830,71.4,115.0,2024-01-24,2025-01-15,6,At-risk
INV003844,68.5,197.0,2024-03-06,2025-04-21,7,At-risk
INV003847,50.0,66.0,2024-05-31,2025-05-16,8,At-risk
INV003849,77.2,146.0,2024-03-18,2025-04-08,6,At-risk
INV003851,57.833333333333336,121.0,2024-06-02,2025-05-15,7,At-risk
INV003860,46.0,72.0,2024-09-23,2025-05-11,6,At-risk
INV003862,60.166666666666664,184.0,2024-02-25,2025-02-20,7,At-risk
INV003865,85.16666666666667,235.0,2024-01-02,2025-05-27,7,At-risk
INV003868,87.6,264.0,2024-02-26,2025-05-09,6,At-risk
INV003872,45.375,85.0,2024-05-15,2025-05-13,9,At-risk
INV003876,77.6,160.0,2024-03-08,2025-03-31,6,At-risk
INV003880,68.57142857142857,193.0,2024-02-03,2025-05-28,8,At-risk
INV003885,71.6,281.0,2024-06-06,2025-05-30,6,At-risk
INV003892,55.22222222222222,114.0,2024-01-02,2025-05-13,10,At-risk
INV003896,82.0,255.0,2024-02-12,2025-03-28,6,At-risk
INV003897,71.6,144.0,2024-04-09,2025-04-02,6,At-risk
INV003903,50.285714285714285,130.0,2024-02-07,2025-01-24,8,At-risk
INV003905,62.5,103.0,2024-04-28,2025-05-08,7,At-risk
INV003906,55.111111111111114,115.0,2024-01-13,2025-05-23,10,At-risk
INV003912,68.6,195.0,2024-01-15,2024-12-23,6,At-risk
INV003913,61.42857142857143,136.0,2024-02-09,2025-04-14,8,At-risk
INV003916,67.2,114.0,2024-03-08,2025-02-07,6,At-risk
INV003920,66.85714285714286,132.0,2024-01-17,2025-04-29,8,At-risk
INV003936,89.6,227.0,2024-01-21,2025-04-13,6,At-risk
INV003938,52.5,110.0,2024-02-10,2024-12-21,7,At-risk
INV003940,70.66666666666667,151.0,2024-01-21,2025-03-20,7,At-risk
INV003943,42.5,88.0,2024-04-22,2025-03-28,9,At-risk
INV003945,56.333333333333336,175.0,2024-02-01,2025-01-04,7,At-risk
INV003946,69.16666666666667,147.0,2024-01-14,2025-03-04,7,At-risk
INV003948,43.666666666666664,101.0,2024-08-14,2025-05-03,7,At-risk
INV003952,54.666666666666664,95.0,2024-04-20,2025-03-14,7,At-risk
INV003958,85.6,133.0,2024-02-07,2025-04-10,6,At-risk
INV003962,68.71428571428571,302.0,2024-01-21,2025-05-16,8,At-risk
INV003964,51.22222222222222,130.0,2024-01-10,2025-04-15,10,At-risk
INV003968,92.4,209.0,2024-01-31,2025-05-07,6,At-risk
INV003972,84.2,224.0,2024-03-05,2025-04-30,6,At-risk
INV003975,50.142857142857146,125.0,2024-05-11,2025-04-27,8,At-risk
INV003978,68.14285714285714,209.0,2024-01-08,2025-04-29,8,At-risk
INV003979,56.0,123.0,2024-02-29,2025-03-27,8,At-risk
INV003981,67.66666666666667,237.0,2024-04-01,2025-05-12,7,At-risk
INV003985,93.0,191.0,2024-01-19,2025-04-28,6,At-risk
INV003996,95.2,244.0,2024-01-25,2025-05-15,6,At-risk
INV004001,40.285714285714285,123.0,2024-06-10,2025-03-19,8,At-risk
INV004004,40.77777777777778,88.0,2024-05-18,2025-05-20,10,At-risk
INV004005,73.66666666666667,314.0,2024-03-09,2025-05-25,7,At-risk
INV004007,38.833333333333336,102.0,2024-01-23,2024-09-12,7,At-risk
INV004009,62.285714285714285,87.0,2024-02-17,2025-04-28,8,At-risk
INV004014,61.875,182.0,2024-01-14,2025-05-23,9,At-risk
INV004015,88.0,190.0,2024-01-31,2025-04-15,6,At-risk
INV004017,40.5,85.0,2024-04-01,2024-11-30,7,At-risk
INV004023,52.0,93.0,2024-02-12,2025-05-25,10,At-risk
INV004037,74.6,137.0,2024-05-10,2025-05-18,6,At-risk
INV004038,71.66666666666667,207.0,2024-03-07,2025-05-11,7,At-risk
INV004049,48.2,83.0,2024-08-05,2025-04-03,6,At-risk
INV004063,56.57142857142857,167.0,2024-04-13,2025-05-14,8,At-risk
INV004066,75.16666666666667,319.0,2024-01-15,2025-04-10,7,At-risk
INV004069,74.0,196.0,2024-01-16,2025-01-20,6,At-risk
INV004070,67.66666666666667,170.0,2024-02-06,2025-03-18,7,At-risk
INV004079,71.33333333333333,164.0,2024-01-21,2025-03-24,7,At-risk
INV004085,68.33333333333333,260.0,2024-04-07,2025-05-22,7,At-risk
INV004091,73.6,240.0,2024-03-24,2025-03-27,6,At-risk
INV004094,55.8,167.0,2024-08-23,2025-05-29,6,At-risk
INV004098,58.2,87.0,2024-06-23,2025-04-10,6,At-risk
INV004099,58.8,174.0,2024-04-01,2025-01-20,6,At-risk
INV004106,55.8,151.0,2024-02-24,2024-11-29,6,At-risk
INV004112,55.2,112.0,2024-01-28,2024-10-30,6,At-risk
INV004116,54.888888888888886,117.0,2024-01-18,2025-05-26,10,At-risk
INV004118,64.6,161.0,2024-06-13,2025-05-02,6,At-risk
INV004119,73.2,237.0,2024-03-29,2025-03-30,6,At-risk
INV004123,85.0,138.0,2024-03-14,2025-05-13,6,At-risk
INV004124,63.8,193.0,2024-06-09,2025-04-24,6,At-risk
INV004125,61.625,142.0,2024-01-03,2025-05-10,9,At-risk
INV004127,87.6,190.0,2024-01-02,2025-03-15,6,At-risk
INV004128,67.2,156.0,2024-02-02,2025-01-03,6,At-risk
INV004134,35.4,54.0,2024-01-06,2024-07-01,6,At-risk
INV004135,50.111111111111114,164.0,2024-01-11,2025-04-06,10,At-risk
INV004143,97.0,280.0,2024-01-22,2025-05-21,6,At-risk
INV004145,66.2,144.0,2024-02-13,2025-01-09,6,At-risk
INV004146,88.2,253.0,2024-02-12,2025-04-28,6,At-risk
INV004147,72.2,136.0,2024-06-01,2025-05-28,6,At-risk
INV004149,50.2,130.0,2024-05-12,2025-01-18,6,At-risk
INV004151,63.142857142857146,197.0,2024-02-22,2025-05-09,8,At-risk
INV004153,60.0,125.0,2024-04-04,2025-05-29,8,At-risk
INV004154,46.72727272727273,90.0,2024-01-01,2025-05-29,12,At-risk
INV004172,63.0,196.0,2024-01-10,2025-03-26,8,At-risk
INV004174,86.6,195.0,2024-01-01,2025-03-09,6,At-risk
INV004175,67.85714285714286,133.0,2024-01-22,2025-05-11,8,At-risk
INV004177,45.42857142857143,117.0,2024-02-15,2024-12-29,8,At-risk
INV004179,71.2,129.0,2024-04-14,2025-04-05,6,At-risk
INV004181,93.4,245.0,2024-02-05,2025-05-17,6,At-risk
INV004191,77.16666666666667,310.0,2024-01-27,2025-05-04,7,At-risk
INV004196,78.33333333333333,219.0,2024-01-29,2025-05-13,7,At-risk
INV004199,58.2,138.0,2024-04-16,2025-02-01,6,At-risk
INV004202,47.625,114.0,2024-03-30,2025-04-15,9,At-risk
INV004203,66.57142857142857,113.0,2024-01-22,2025-05-02,8,At-risk
INV004208,73.4,156.0,2024-05-01,2025-05-03,6,At-risk
INV004212,69.33333333333333,169.0,2024-03-29,2025-05-19,7,At-risk
INV004216,82.0,195.0,2024-01-21,2025-05-27,7,At-risk
INV004228,72.33333333333333,112.0,2024-02-29,2025-05-08,7,At-risk
INV004232,71.4,232.0,2024-01-23,2025-01-14,6,At-risk
INV004239,61.142857142857146,130.0,2024-02-26,2025-04-29,8,At-risk
INV004241,53.666666666666664,117.0,2024-01-31,2025-05-28,10,At-risk
INV004243,55.714285714285715,131.0,2024-02-12,2025-03-08,8,At-risk
INV004246,34.166666666666664,64.0,2024-02-18,2024-09-10,7,Regular
INV004247,87.2,274.0,2024-03-17,2025-05-27,6,At-risk
INV004248,42.666666666666664,93.0,2024-02-25,2024-11-07,7,At-risk
INV004258,49.666666666666664,105.0,2024-03-30,2025-01-22,7,At-risk
INV004266,61.833333333333336,101.0,2024-01-10,2025-01-15,7,At-risk
INV004267,53.333333333333336,109.0,2024-06-26,2025-05-12,7,At-risk
INV004270,69.66666666666667,204.0,2024-03-28,2025-05-20,7,At-risk
INV004271,79.8,157.0,2024-02-17,2025-03-22,6,At-risk
INV004279,50.285714285714285,116.0,2024-02-26,2025-02-12,8,At-risk
INV004281,41.714285714285715,93.0,2024-01-17,2024-11-04,8,At-risk
INV004282,52.857142857142854,105.0,2024-04-15,2025-04-20,8,At-risk
INV004285,76.16666666666667,169.0,2024-01-17,2025-04-18,7,At-risk
INV004288,72.83333333333333,223.0,2024-01-25,2025-04-06,7,At-risk
INV004289,45.9,201.0,2024-02-13,2025-05-17,11,At-risk
INV004293,81.8,142.0,2024-02-07,2025-03-22,6,At-risk
INV004295,44.75,119.0,2024-02-06,2025-01-29,9,At-risk
INV004296,102.2,304.0,2024-01-02,2025-05-27,6,At-risk
INV004297,41.875,82.0,2024-06-19,2025-05-20,9,At-risk
INV004299,64.14285714285714,175.0,2024-02-29,2025-05-23,8,At-risk
INV004306,57.0,118.0,2024-04-28,2025-04-05,7,At-risk
INV004308,84.66666666666667,244.0,2024-01-01,2025-05-23,7,At-risk
INV004314,83.0,195.0,2024-02-20,2025-04-10,6,At-risk
INV004319,60.5,275.0,2024-01-15,2025-05-13,9,At-risk
INV004321,42.0,84.0,2024-01-04,2024-12-05,9,At-risk
INV004324,77.66666666666667,173.0,2024-02-07,2025-05-18,7,At-risk
INV004326,40.111111111111114,78.0,2024-04-22,2025-04-18,10,At-risk
INV004332,64.71428571428571,149.0,2024-02-21,2025-05-19,8,At-risk
INV004335,64.42857142857143,104.0,2024-02-10,2025-05-06,8,At-risk
INV004338,48.888888888888886,209.0,2024-02-05,2025-04-20,10,At-risk
INV004340,67.8,252.0,2024-03-08,2025-02-10,6,At-risk
INV004343,63.0,190.0,2024-06-15,2025-04-26,6,At-risk
INV004348,52.2,120.0,2024-08-24,2025-05-12,6,At-risk
INV004349,72.5,159.0,2024-02-20,2025-04-30,7,At-risk
INV004356,30.8,81.0,2024-10-25,2025-03-28,6,Regular
INV004357,72.42857142857143,305.0,2024-01-03,2025-05-24,8,At-risk
INV004358,45.857142857142854,87.0,2024-02-14,2024-12-31,8,At-risk
INV004361,61.57142857142857,124.0,2024-01-30,2025-04-05,8,At-risk
INV004364,80.6,173.0,2024-02-10,2025-03-19,6,At-risk
INV004367,81.6,194.0,2024-04-10,2025-05-23,6,At-risk
INV004372,59.2,155.0,2024-04-12,2025-02-02,6,At-risk
INV004391,57.0,96.0,2024-01-03,2024-10-14,6,At-risk
INV004392,90.4,200.0,2024-01-30,2025-04-26,6,At-risk
INV004400,46.57142857142857,104.0,2024-03-09,2025-01-29,8,At-risk
INV004401,69.85714285714286,216.0,2024-01-12,2025-05-15,8,At-risk
INV004403,73.6,150.0,2024-02-12,2025-02-14,6,At-risk
INV004410,40.9,138.0,2024-03-02,2025-04-15,11,At-risk
INV004411,61.0,111.0,2024-02-03,2024-12-04,6,At-risk
INV004412,82.33333333333333,173.0,2024-01-06,2025-05-14,7,At-risk
INV004413,69.0,142.0,2024-01-29,2025-05-26,8,At-risk
INV004414,53.857142857142854,176.0,2024-01-02,2025-01-13,8,At-risk
INV004421,90.8,221.0,2024-01-17,2025-04-15,6,At-risk
INV004427,50.8,125.0,2024-01-07,2025-05-29,11,At-risk
INV004434,84.6,156.0,2024-03-30,2025-05-27,6,At-risk
INV004446,65.8,170.0,2024-05-17,2025-04-11,6,At-risk
INV004447,49.833333333333336,129.0,2024-02-18,2024-12-13,7,At-risk
INV004450,61.6,153.0,2024-01-08,2024-11-11,6,At-risk
INV004451,84.0,137.0,2024-03-30,2025-05-24,6,At-risk
INV004452,81.0,180.0,2024-01-05,2025-05-05,7,At-risk
INV004454,98.4,311.0,2024-01-24,2025-05-30,6,At-risk
INV004455,50.0,105.0,2024-08-14,2025-04-21,6,At-risk
INV004457,81.4,188.0,2024-01-29,2025-03-11,6,At-risk
INV004459,53.833333333333336,141.0,2024-03-15,2025-02-01,7,At-risk
INV004460,42.5,93.0,2024-01-23,2024-12-28,9,At-risk
INV004463,94.8,211.0,2024-01-18,2025-05-06,6,At-risk
INV004464,62.5,142.0,2024-02-21,2025-03-02,7,At-risk
INV004468,76.83333333333333,154.0,2024-02-11,2025-05-17,7,At-risk
INV004472,50.666666666666664,156.0,2024-07-18,2025-05-18,7,At-risk
INV004473,73.33333333333333,152.0,2024-01-21,2025-04-05,7,At-risk
INV004475,67.83333333333333,87.0,2024-04-05,2025-05-17,7,At-risk
INV004477,58.714285714285715,180.0,2024-04-06,2025-05-22,8,At-risk
INV004484,61.6,182.0,2024-04-19,2025-02-21,6,At-risk
INV004502,74.5,165.0,2024-01-02,2025-03-24,7,At-risk
INV004504,55.142857142857146,247.0,2024-02-21,2025-03-13,8,At-risk
INV004511,37.2,89.0,2024-10-04,2025-04-08,6,At-risk
INV004517,86.6,185.0,2024-02-03,2025-04-11,6,At-risk
INV004521,54.5,76.0,2024-05-10,2025-04-02,7,At-risk
INV004523,87.2,127.0,2024-02-26,2025-05-07,6,At-risk
INV004528,54.0,149.0,2024-07-01,2025-05-21,7,At-risk
INV004531,60.0,159.0,2024-02-27,2025-04-22,8,At-risk
INV004533,55.0,118.0,2024-05-26,2025-04-21,7,At-risk
INV004542,34.0,59.0,2024-02-14,2024-09-05,7,Regular
INV004547,67.5,165.0,2024-04-04,2025-05-14,7,At-risk
INV004555,53.142857142857146,151.0,2024-04-26,2025-05-03,8,At-risk
INV004560,48.375,107.0,2024-02-26,2025-03-19,9,At-risk
INV004562,83.8,158.0,2024-01-03,2025-02-25,6,At-risk
INV004563,64.83333333333333,211.0,2024-04-23,2025-05-17,7,At-risk
INV004574,54.57142857142857,116.0,2024-03-23,2025-04-09,8,At-risk
INV004576,63.0,132.0,2024-04-27,2025-03-08,6,At-risk
INV004579,43.857142857142854,77.0,2024-03-24,2025-01-25,8,At-risk
INV004581,72.14285714285714,234.0,2024-01-03,2025-05-22,8,At-risk
INV004589,71.4,225.0,2024-01-28,2025-01-19,6,At-risk
INV004594,59.142857142857146,122.0,2024-03-08,2025-04-26,8,At-risk
INV004598,84.2,195.0,2024-02-05,2025-04-01,6,At-risk
INV004602,59.625,242.0,2024-01-04,2025-04-25,9,At-risk
INV004607,56.0,214.0,2024-03-06,2025-04-02,8,At-risk
INV004608,55.0,96.0,2024-02-04,2025-02-23,8,At-risk
INV004611,51.166666666666664,217.0,2024-02-11,2024-12-14,7,At-risk
INV004614,79.6,117.0,2024-03-09,2025-04-11,6,At-risk
INV004617,39.25,83.0,2024-02-02,2024-12-12,9,At-risk
INV004621,54.25,203.0,2024-01-13,2025-03-22,9,At-risk
INV004625,96.4,246.0,2024-02-03,2025-05-30,6,At-risk
INV004629,64.57142857142857,175.0,2024-01-19,2025-04-15,8,At-risk
INV004630,50.625,95.0,2024-01-17,2025-02-25,9,At-risk
INV004631,64.71428571428571,109.0,2024-02-10,2025-05-08,8,At-risk
INV004633,78.16666666666667,189.0,2024-01-30,2025-05-13,7,At-risk
INV004635,58.666666666666664,142.0,2024-03-07,2025-02-22,7,At-risk
INV004636,75.6,160.0,2024-02-26,2025-03-10,6,At-risk
INV004638,54.333333333333336,110.0,2024-04-23,2025-03-15,7,At-risk
INV004640,68.33333333333333,202.0,2024-03-26,2025-05-10,7,At-risk
INV004641,67.8,105.0,2024-02-13,2025-01-17,6,At-risk
INV004642,54.8,232.0,2024-02-23,2024-11-23,6,At-risk
INV004643,50.6,101.0,2024-02-09,2024-10-19,6,At-risk
INV004646,64.5,158.0,2024-04-03,2025-04-25,7,At-risk
INV004647,70.66666666666667,138.0,2024-01-23,2025-03-22,7,At-risk
INV004650,80.8,143.0,2024-02-06,2025-03-16,6,At-risk
INV004661,69.71428571428571,181.0,2024-01-21,2025-05-23,8,At-risk
INV004665,83.4,137.0,2024-02-29,2025-04-21,6,At-risk
INV004672,72.0,127.0,2024-01-21,2025-03-28,7,At-risk
INV004680,47.166666666666664,155.0,2024-07-07,2025-04-16,7,At-risk
INV004682,42.25,105.0,2024-01-04,2024-12-07,9,At-risk
INV004688,77.6,181.0,2024-01-21,2025-02-12,6,At-risk
INV004692,83.6,190.0,2024-01-22,2025-03-15,6,At-risk
INV004701,20.0,82.0,2024-01-31,2024-05-30,7,Regular
INV004704,93.8,141.0,2024-01-17,2025-04-30,6,At-risk
INV004712,48.57142857142857,84.0,2024-03-18,2025-02-21,8,At-risk
INV004715,56.833333333333336,169.0,2024-06-22,2025-05-29,7,At-risk
INV004716,74.0,197.0,2024-03-10,2025-05-28,7,At-risk
INV004737,54.55555555555556,120.0,2024-01-20,2025-05-25,10,At-risk
INV004738,93.2,148.0,2024-01-25,2025-05-05,6,At-risk
INV004741,72.33333333333333,157.0,2024-01-29,2025-04-07,7,At-risk
INV004753,61.4,87.0,2024-07-01,2025-05-04,6,At-risk
INV004755,61.166666666666664,181.0,2024-04-19,2025-04-21,7,At-risk
INV004761,71.4,139.0,2024-01-13,2025-01-04,6,At-risk
INV004763,83.5,184.0,2024-01-10,2025-05-25,7,At-risk
INV004764,83.0,144.0,2024-03-13,2025-05-02,6,At-risk
INV004770,72.85714285714286,146.0,2024-01-04,2025-05-28,8,At-risk
INV004776,57.375,145.0,2024-02-11,2025-05-15,9,At-risk
INV004780,69.5,154.0,2024-02-21,2025-04-13,7,At-risk
INV004785,66.16666666666667,248.0,2024-03-02,2025-04-03,7,At-risk
INV004787,72.33333333333333,140.0,2024-03-19,2025-05-27,7,At-risk
INV004798,53.666666666666664,106.0,2024-01-25,2024-12-12,7,At-risk
INV004804,79.2,137.0,2024-04-11,2025-05-12,6,At-risk
INV004805,44.666666666666664,92.0,2024-07-05,2025-03-30,7,At-risk
INV004807,36.857142857142854,86.0,2024-08-19,2025-05-04,8,At-risk
INV004813,62.0,253.0,2024-01-31,2024-12-06,6,At-risk
INV004819,62.0,120.0,2024-03-09,2025-03-16,7,At-risk
INV004825,70.0,141.0,2024-03-11,2025-05-05,7,At-risk
INV004833,65.4,171.0,2024-05-27,2025-04-19,6,At-risk
INV004834,38.625,106.0,2024-02-05,2024-12-10,9,At-risk
INV004840,41.0,103.0,2024-05-22,2025-01-23,7,At-risk
INV004843,50.857142857142854,153.0,2024-04-07,2025-03-29,8,At-risk
INV004844,66.66666666666667,118.0,2024-04-24,2025-05-29,7,At-risk
INV004845,81.8,197.0,2024-01-25,2025-03-09,6,At-risk
INV004847,73.5,281.0,2024-01-27,2025-04-12,7,At-risk
INV004848,54.125,166.0,2024-01-17,2025-03-25,9,At-risk
INV004860,78.4,189.0,2024-03-04,2025-03-31,6,At-risk
INV004863,68.0,220.0,2024-03-18,2025-04-30,7,At-risk
INV004864,43.285714285714285,114.0,2024-03-05,2025-01-02,8,At-risk
INV004865,76.33333333333333,143.0,2024-02-20,2025-05-23,7,At-risk
INV004868,56.0,226.0,2024-04-13,2025-05-10,8,At-risk
INV004871,69.14285714285714,170.0,2024-01-10,2025-05-08,8,At-risk
INV004877,80.5,276.0,2024-01-14,2025-05-11,7,At-risk
INV004889,70.66666666666667,159.0,2024-01-28,2025-03-27,7,At-risk
INV004891,55.857142857142854,128.0,2024-02-08,2025-03-05,8,At-risk
INV004896,79.4,252.0,2024-02-13,2025-03-16,6,At-risk
INV004901,54.6,96.0,2024-06-18,2025-03-18,6,At-risk
INV004911,63.666666666666664,97.0,2024-01-20,2025-02-05,7,At-risk
INV004913,87.0,156.0,2024-03-12,2025-05-21,6,At-risk
INV004916,75.5,162.0,2024-01-16,2025-04-13,7,At-risk
INV004917,51.0,77.0,2024-06-14,2025-04-16,7,At-risk
INV004924,59.75,116.0,2024-01-10,2025-05-02,9,At-risk
INV004925,70.83333333333333,105.0,2024-01-30,2025-03-30,7,At-risk
INV004926,66.28571428571429,133.0,2024-02-21,2025-05-30,8,At-risk
INV004927,34.166666666666664,63.0,2024-02-25,2024-09-17,7,Regular
INV004947,45.0,75.0,2024-02-02,2024-09-14,6,At-risk
INV004953,67.16666666666667,138.0,2024-02-15,2025-03-24,7,At-risk
INV004956,59.142857142857146,155.0,2024-02-17,2025-04-06,8,At-risk
INV004958,73.16666666666667,135.0,2024-01-10,2025-03-24,7,At-risk
INV004959,68.6,193.0,2024-01-24,2025-01-01,6,At-risk
INV004967,63.2,112.0,2024-03-26,2025-02-05,6,At-risk
INV004973,55.0,99.0,2024-02-14,2025-04-29,9,At-risk
INV004974,52.42857142857143,102.0,2024-04-12,2025-04-14,8,At-risk
INV004978,63.833333333333336,157.0,2024-03-31,2025-04-18,7,At-risk
INV004981,49.142857142857146,115.0,2024-01-05,2024-12-14,8,At-risk
INV004983,57.666666666666664,128.0,2024-01-16,2024-12-27,7,At-risk
INV004984,75.33333333333333,177.0,2024-01-31,2025-04-27,7,At-risk
INV004986,81.33333333333333,185.0,2024-01-27,2025-05-29,7,At-risk
INV004992,81.5,176.0,2024-01-05,2025-05-08,7,At-risk
INV004996,46.333333333333336,104.0,2024-03-04,2025-04-25,10,At-risk
INV004997,71.0,248.0,2024-02-27,2025-04-28,7,At-risk
